Workbook

Sheet Hướng dẫn
A1: Bảng báo giá chi tiết: từ ý tưởng đến vận hành
A2: Landing page, website, CMS, CRM, hệ thống quản lý và Zalo Mini App.
A4: Cách dùng
A5: 1 | B5: Mở sheet Thông số, nhập đơn giá ngày công theo vai trò và các hệ số (quản lý dự án, dự phòng, VAT, tỷ lệ thanh toán).
A6: 2 | B6: Sheet Hạng mục liệt kê mọi công việc. Sửa ngày công (chữ xanh) nếu ước tính của bạn khác. Cột gói cho biết hạng mục nào nằm trong gói nào.
A7: 3 | B7: Sheet Gói cấp độ là bảng 4 cấp Rẻ, Cơ bản, Nâng cao, Cao cấp theo kiểu bảng chức năng website (Có/Không, giá ở đầu cột). Sheet So sánh gói và Tổng hợp gói là 6 gói theo loại sản phẩm. Sheet So sánh gói là bảng Có/Không cho khách xem nhanh từng gói gồm gì. Sheet Tổng hợp gói cho giá chi tiết theo giai đoạn của 6 gói. Cả hai tính tự động.
A8: 4 | B8: Muốn báo giá riêng: ở sheet Hạng mục đặt 1 vào cột Chọn cho khách (nền vàng) cho các hạng mục khách cần, 0 cho phần còn lại.
A9: 5 | B9: Sheet Báo giá khách tự tổng hợp theo giai đoạn, thêm quản lý dự án, dự phòng, chiết khấu, VAT và lịch thanh toán. Nhập tên khách, dự án, ngày ở các ô vàng rồi gửi cho khách.
A10: 6 | B10: Sheet Vận hành tách riêng từng khoản phí hằng tháng: VPS, hosting, tên miền, SSL, monitoring, alert, sao lưu, bảo trì. Có 3 gói Cơ bản, Tiêu chuẩn, Nâng cao. Chọn gói ở ô Gói vận hành hàng tháng trong Báo giá khách.
A11: Giá thị trường
A12: B | B12: Sheet Bảng giá đề xuất là giá chào đã đối chiếu thị trường Việt Nam: 4 cấp độ website, giải pháp Mini App, CRM, hệ thống quản lý, module lẻ và phí hạ tầng, kèm nguồn tham khảo. Giá đề xuất ở các sheet So sánh gói, Gói cấp độ, Tổng hợp gói đều lấy từ sheet này.
A13: Báo giá riêng cho khách
A14: A | B14: Mỗi khách có 2 sheet: Báo giá (bản gửi khách) và Chi tiết (chọn hạng mục, chỉnh ngày công riêng). Sheet mẫu là TT Anh ngữ ABC. Để làm khách mới: bấm chuột phải vào tên sheet, chọn Move or Copy, tick Create a copy. Chọn cả hai sheet cùng lúc (giữ Ctrl) để bản sao vẫn nối đúng với nhau, rồi đổi tên.
A15: Quy ước màu
A16: Chữ xanh | B16: Dữ liệu nhập vào, có thể sửa.
A17: Nền vàng | B17: Ô cần điền hoặc giả định quan trọng.
A18: Chữ đen | B18: Công thức, không sửa.
A19: Lưu ý
A20: ! | B20: Toàn bộ đơn giá, ngày công và hệ số trong file là giả định mẫu do Claude đề xuất để bạn chỉnh. Chưa phải bảng giá chính thức của bạn.
A21: ! | B21: Dòng dữ liệu mẫu: Báo giá khách đang điền sẵn ví dụ Công ty ABC với lựa chọn Website + CMS. Thay bằng thông tin khách thật.

Sheet Bảng giá đề xuất
A1: Bảng giá đề xuất, đối chiếu thị trường Việt Nam
A2: Giá chào (cột chữ xanh nền vàng) đặt theo mặt bằng giá thị trường đã khảo sát, chưa gồm VAT. Chi phí nội bộ tính từ ước tính công x đơn giá Senior Dev trong Thông số.
A4: A. Website theo cấp độ (rẻ, cơ bản, nâng cao, cao cấp)
A5: Gói / Module | B5: Hình thức thực hiện | C5: Nội dung chính | D5: Thị trường thấp (VND) | E5: Thị trường cao (VND) | F5: Giá đề xuất (VND, chưa VAT) | G5: So với thị trường | H5: Ước tính công (ngày) | I5: Chi phí nội bộ (VND) | J5: Biên lợi nhuận | K5: Nguồn tham khảo
A6: Gói Rẻ | B6: Giao diện mẫu tùy chỉnh theo thương hiệu | C6: Landing page 1 trang, responsive, form liên hệ gửi email, SEO cơ bản, tên miền + SSL | D6: 3000000 | E6: 10000000 | F6: 5000000 | G6: =IF(F6="","",IF(D6="","Theo thỏa thuận",IF(F6<D6,"Thấp hơn khoảng thị trường",IF(AND(E6<>"",F6>E6),"Cao hơn khoảng thị trường","Trong khoảng thị trường")))) -> Trong khoảng thị trường | H6: 2.5 | I6: =H6*INDEX('Thông số'!$B$6:$B$10,MATCH("Senior Dev",'Thông số'!$A$6:$A$10,0))*'Thông số'!$B$26 -> 3500000 | J6: =IF(OR(F6="",F6=0),"",1-I6/F6) -> 0.3 | K6: Bizfly: landing 3 đến 10 triệu. Giao diện mẫu 2 đến 3 triệu.
A7: Gói Cơ bản | B7: Giao diện mẫu nâng cấp | C7: Website giới thiệu 5 trang, responsive, form email, tối ưu tốc độ, Google Analytics | D7: 7000000 | E7: 25000000 | F7: 12000000 | G7: =IF(F7="","",IF(D7="","Theo thỏa thuận",IF(F7<D7,"Thấp hơn khoảng thị trường",IF(AND(E7<>"",F7>E7),"Cao hơn khoảng thị trường","Trong khoảng thị trường")))) -> Trong khoảng thị trường | H7: 6 | I7: =H7*INDEX('Thông số'!$B$6:$B$10,MATCH("Senior Dev",'Thông số'!$A$6:$A$10,0))*'Thông số'!$B$26 -> 8400000 | J7: =IF(OR(F7="",F7=0),"",1-I7/F7) -> 0.3 | K7: Bizfly: website giới thiệu 7 đến 25 triệu. Expro 7,9 triệu, Tomaz 8,5 triệu.
A8: Gói Nâng cao | B8: Thiết kế riêng + CMS | C8: Website thiết kế riêng, tự cập nhật bài viết và trang (CMS), SEO, đa ngôn ngữ nhẹ, thư viện ảnh | D8: 15000000 | E8: 40000000 | F8: 28000000 | G8: =IF(F8="","",IF(D8="","Theo thỏa thuận",IF(F8<D8,"Thấp hơn khoảng thị trường",IF(AND(E8<>"",F8>E8),"Cao hơn khoảng thị trường","Trong khoảng thị trường")))) -> Trong khoảng thị trường | H8: 14 | I8: =H8*INDEX('Thông số'!$B$6:$B$10,MATCH("Senior Dev",'Thông số'!$A$6:$A$10,0))*'Thông số'!$B$26 -> 19600000 | J8: =IF(OR(F8="",F8=0),"",1-I8/F8) -> 0.3 | K8: Bizfly: website doanh nghiệp 15 đến 40 triệu. MONA: lập trình riêng 12 đến 35 triệu.
A9: Gói Cao cấp | B9: Lập trình riêng (custom) | C9: UI/UX riêng, tốc độ cao, tích hợp thanh toán, CRM, Zalo OA, chức năng theo yêu cầu | D9: 39000000 | E9: 60000000 | F9: 45000000 | G9: =IF(F9="","",IF(D9="","Theo thỏa thuận",IF(F9<D9,"Thấp hơn khoảng thị trường",IF(AND(E9<>"",F9>E9),"Cao hơn khoảng thị trường","Trong khoảng thị trường")))) -> Trong khoảng thị trường | H9: 26 | I9: =H9*INDEX('Thông số'!$B$6:$B$10,MATCH("Senior Dev",'Thông số'!$A$6:$A$10,0))*'Thông số'!$B$26 -> 36400000 | J9: =IF(OR(F9="",F9=0),"",1-I9/F9) -> 0.19111111 | K9: Bizfly: lập trình riêng từ 40 triệu. Bảng tham khảo bạn cung cấp: 39 đến 60 triệu trở lên.
A11: B. Giải pháp tùy chỉnh theo loại sản phẩm
A12: Gói / Module | B12: Hình thức thực hiện | C12: Nội dung chính | D12: Thị trường thấp (VND) | E12: Thị trường cao (VND) | F12: Giá đề xuất (VND, chưa VAT) | G12: So với thị trường | H12: Ước tính công (ngày) | I12: Chi phí nội bộ (VND) | J12: Biên lợi nhuận | K12: Nguồn tham khảo
A13: Zalo Mini App cơ bản | B13: Lập trình riêng (React + ZaUI) | C13: Giới thiệu, đặt lịch hoặc điểm danh, lưu dữ liệu, đồng bộ Excel/OneDrive, gửi duyệt Zalo | D13: 25000000 | E13: 45000000 | F13: 30000000 | G13: =IF(F13="","",IF(D13="","Theo thỏa thuận",IF(F13<D13,"Thấp hơn khoảng thị trường",IF(AND(E13<>"",F13>E13),"Cao hơn khoảng thị trường","Trong khoảng thị trường")))) -> Trong khoảng thị trường | H13: 16 | I13: =H13*INDEX('Thông số'!$B$6:$B$10,MATCH("Senior Dev",'Thông số'!$A$6:$A$10,0))*'Thông số'!$B$26 -> 22400000 | J13: =IF(OR(F13="",F13=0),"",1-I13/F13) -> 0.25333333 | K13: Thiết kế riêng Mini App giới thiệu + đặt lịch: 25 đến 45 triệu (tổng hợp từ bảng giá các đơn vị). Thuê nền tảng SaaS 10,8 triệu/năm.
A14: Zalo Mini App nâng cao | B14: Lập trình riêng + backend | C14: Bán hàng, giỏ hàng, tích điểm, thẻ thành viên, thanh toán, ZNS, quản trị web | D14: 45000000 | E14: 110000000 | F14: 70000000 | G14: =IF(F14="","",IF(D14="","Theo thỏa thuận",IF(F14<D14,"Thấp hơn khoảng thị trường",IF(AND(E14<>"",F14>E14),"Cao hơn khoảng thị trường","Trong khoảng thị trường")))) -> Trong khoảng thị trường | H14: 38 | I14: =H14*INDEX('Thông số'!$B$6:$B$10,MATCH("Senior Dev",'Thông số'!$A$6:$A$10,0))*'Thông số'!$B$26 -> 53200000 | J14: =IF(OR(F14="",F14=0),"",1-I14/F14) -> 0.24 | K14: Mini App bán hàng 45 đến 90 triệu, tích điểm 60 đến 110 triệu.
A15: CRM tùy chỉnh gọn | B15: Lập trình riêng | C15: Khách hàng, pipeline kanban, nhắc việc, báo giá PDF, báo cáo doanh số, phân quyền | D15: 60000000 | E15: 400000000 | F15: 85000000 | G15: =IF(F15="","",IF(D15="","Theo thỏa thuận",IF(F15<D15,"Thấp hơn khoảng thị trường",IF(AND(E15<>"",F15>E15),"Cao hơn khoảng thị trường","Trong khoảng thị trường")))) -> Trong khoảng thị trường | H15: 45 | I15: =H15*INDEX('Thông số'!$B$6:$B$10,MATCH("Senior Dev",'Thông số'!$A$6:$A$10,0))*'Thông số'!$B$26 -> 63000000 | J15: =IF(OR(F15="",F15=0),"",1-I15/F15) -> 0.25882353 | K15: Phần mềm theo yêu cầu 60 đến 400 triệu (CIT). CRM sẵn có MISA AMIS từ 55.000/người/tháng.
A16: Hệ thống quản lý vận hành | B16: Lập trình riêng | C16: Ví dụ trung tâm giáo dục: học viên, nhân sự, lịch, điểm danh, học phí, lương, báo cáo, dashboard | D16: 60000000 | E16: 400000000 | F16: 160000000 | G16: =IF(F16="","",IF(D16="","Theo thỏa thuận",IF(F16<D16,"Thấp hơn khoảng thị trường",IF(AND(E16<>"",F16>E16),"Cao hơn khoảng thị trường","Trong khoảng thị trường")))) -> Trong khoảng thị trường | H16: 85 | I16: =H16*INDEX('Thông số'!$B$6:$B$10,MATCH("Senior Dev",'Thông số'!$A$6:$A$10,0))*'Thông số'!$B$26 -> 1.19e+08 | J16: =IF(OR(F16="",F16=0),"",1-I16/F16) -> 0.25625 | K16: Phần mềm theo yêu cầu 60 đến 400 triệu, bảo trì khoảng 10 đến 20%/năm (CIT).
A18: C. Module và chức năng lẻ (cộng thêm vào gói)
A19: Chức năng | B19: Hình thức | C19: Mô tả | D19: Thị trường thấp (VND) | E19: Thị trường cao (VND) | F19: Giá đề xuất (VND, chưa VAT) | G19: So với thị trường | H19: Ước tính công (ngày) | I19: Chi phí nội bộ (VND) | J19: Biên lợi nhuận | K19: Nguồn tham khảo
A20: Popup thông báo | B20: Chức năng thêm | C20: Hiển thị ảnh hoặc thông báo khi khách vào web | D20: 500000 | E20: 500000 | F20: 500000 | G20: =IF(F20="","",IF(D20="","Theo thỏa thuận",IF(F20<D20,"Thấp hơn khoảng thị trường",IF(AND(E20<>"",F20>E20),"Cao hơn khoảng thị trường","Trong khoảng thị trường")))) -> Trong khoảng thị trường | H20: 0.25 | I20: =H20*INDEX('Thông số'!$B$6:$B$10,MATCH("Senior Dev",'Thông số'!$A$6:$A$10,0))*'Thông số'!$B$26 -> 350000 | J20: =IF(OR(F20="",F20=0),"",1-I20/F20) -> 0.3 | K20: Bảng tham khảo bạn cung cấp: 500.000.
A21: Google Dịch (đa ngôn ngữ nhanh) | B21: Chức năng thêm | C21: Tích hợp công cụ dịch trực tiếp trên trang | D21: 500000 | E21: 500000 | F21: 500000 | G21: =IF(F21="","",IF(D21="","Theo thỏa thuận",IF(F21<D21,"Thấp hơn khoảng thị trường",IF(AND(E21<>"",F21>E21),"Cao hơn khoảng thị trường","Trong khoảng thị trường")))) -> Trong khoảng thị trường | H21: 0.25 | I21: =H21*INDEX('Thông số'!$B$6:$B$10,MATCH("Senior Dev",'Thông số'!$A$6:$A$10,0))*'Thông số'!$B$26 -> 350000 | J21: =IF(OR(F21="",F21=0),"",1-I21/F21) -> 0.3 | K21: Bảng tham khảo bạn cung cấp: 500.000.
A22: Đa ngôn ngữ Việt/Anh đầy đủ | B22: Chức năng thêm | C22: Nội dung hai ngôn ngữ, chuyển đổi, SEO từng ngôn ngữ | F22: 4000000 | G22: =IF(F22="","",IF(D22="","Theo thỏa thuận",IF(F22<D22,"Thấp hơn khoảng thị trường",IF(AND(E22<>"",F22>E22),"Cao hơn khoảng thị trường","Trong khoảng thị trường")))) -> Theo thỏa thuận | H22: 2 | I22: =H22*INDEX('Thông số'!$B$6:$B$10,MATCH("Senior Dev",'Thông số'!$A$6:$A$10,0))*'Thông số'!$B$26 -> 2800000 | J22: =IF(OR(F22="",F22=0),"",1-I22/F22) -> 0.3 | K22: Giá đề xuất của Claude, chưa có số thị trường.
A23: Đẩy tin tức mới | B23: Chức năng thêm | C23: Hiển thị tin tức, thông báo động cho khách truy cập | D23: 1500000 | E23: 1500000 | F23: 1500000 | G23: =IF(F23="","",IF(D23="","Theo thỏa thuận",IF(F23<D23,"Thấp hơn khoảng thị trường",IF(AND(E23<>"",F23>E23),"Cao hơn khoảng thị trường","Trong khoảng thị trường")))) -> Trong khoảng thị trường | H23: 1 | I23: =H23*INDEX('Thông số'!$B$6:$B$10,MATCH("Senior Dev",'Thông số'!$A$6:$A$10,0))*'Thông số'!$B$26 -> 1400000 | J23: =IF(OR(F23="",F23=0),"",1-I23/F23) -> 0.066666667 | K23: Bảng tham khảo bạn cung cấp: 1.500.000.
A24: Popup form thu thông tin (lead form) | B24: Chức năng thêm | C24: Thu thập thông tin khách hàng, gửi về email hoặc Google Sheet | F24: 1500000 | G24: =IF(F24="","",IF(D24="","Theo thỏa thuận",IF(F24<D24,"Thấp hơn khoảng thị trường",IF(AND(E24<>"",F24>E24),"Cao hơn khoảng thị trường","Trong khoảng thị trường")))) -> Theo thỏa thuận | H24: 1 | I24: =H24*INDEX('Thông số'!$B$6:$B$10,MATCH("Senior Dev",'Thông số'!$A$6:$A$10,0))*'Thông số'!$B$26 -> 1400000 | J24: =IF(OR(F24="",F24=0),"",1-I24/F24) -> 0.066666667 | K24: Thị trường: theo yêu cầu. Giá đề xuất của Claude.
A25: Chat Zalo OA / Live chat | B25: Tích hợp | C25: Kết nối Zalo OA hoặc live chat vào website | F25: 3000000 | G25: =IF(F25="","",IF(D25="","Theo thỏa thuận",IF(F25<D25,"Thấp hơn khoảng thị trường",IF(AND(E25<>"",F25>E25),"Cao hơn khoảng thị trường","Trong khoảng thị trường")))) -> Theo thỏa thuận | H25: 2 | I25: =H25*INDEX('Thông số'!$B$6:$B$10,MATCH("Senior Dev",'Thông số'!$A$6:$A$10,0))*'Thông số'!$B$26 -> 2800000 | J25: =IF(OR(F25="",F25=0),"",1-I25/F25) -> 0.066666667 | K25: Thị trường: theo thỏa thuận. Giá đề xuất của Claude.
A26: Tích hợp CRM | B26: Tích hợp | C26: Đẩy lead từ website vào phần mềm CRM | F26: 6000000 | G26: =IF(F26="","",IF(D26="","Theo thỏa thuận",IF(F26<D26,"Thấp hơn khoảng thị trường",IF(AND(E26<>"",F26>E26),"Cao hơn khoảng thị trường","Trong khoảng thị trường")))) -> Theo thỏa thuận | H26: 3 | I26: =H26*INDEX('Thông số'!$B$6:$B$10,MATCH("Senior Dev",'Thông số'!$A$6:$A$10,0))*'Thông số'!$B$26 -> 4200000 | J26: =IF(OR(F26="",F26=0),"",1-I26/F26) -> 0.3 | K26: Thị trường: theo thỏa thuận. Giá đề xuất của Claude.
A27: Cổng thanh toán (VNPay, MoMo, QR) | B27: Tích hợp | C27: Thanh toán trực tuyến, đối soát đơn | F27: 8000000 | G27: =IF(F27="","",IF(D27="","Theo thỏa thuận",IF(F27<D27,"Thấp hơn khoảng thị trường",IF(AND(E27<>"",F27>E27),"Cao hơn khoảng thị trường","Trong khoảng thị trường")))) -> Theo thỏa thuận | H27: 4 | I27: =H27*INDEX('Thông số'!$B$6:$B$10,MATCH("Senior Dev",'Thông số'!$A$6:$A$10,0))*'Thông số'!$B$26 -> 5600000 | J27: =IF(OR(F27="",F27=0),"",1-I27/F27) -> 0.3 | K27: Thị trường: theo thỏa thuận. Giá đề xuất của Claude.
A28: Giỏ hàng và bán hàng cơ bản | B28: Module | C28: Quản lý sản phẩm, giỏ hàng, đặt hàng trực tuyến, email đơn hàng | D28: 6000000 | E28: 20000000 | F28: 15000000 | G28: =IF(F28="","",IF(D28="","Theo thỏa thuận",IF(F28<D28,"Thấp hơn khoảng thị trường",IF(AND(E28<>"",F28>E28),"Cao hơn khoảng thị trường","Trong khoảng thị trường")))) -> Trong khoảng thị trường | H28: 8 | I28: =H28*INDEX('Thông số'!$B$6:$B$10,MATCH("Senior Dev",'Thông số'!$A$6:$A$10,0))*'Thông số'!$B$26 -> 11200000 | J28: =IF(OR(F28="",F28=0),"",1-I28/F28) -> 0.25333333 | K28: Bảng tham khảo bạn cung cấp: website bán hàng 6 đến 20 triệu.
A29: Nhập, xuất Excel | B29: Chức năng thêm | C29: Nhập danh sách từ Excel, xuất báo cáo | F29: 3000000 | G29: =IF(F29="","",IF(D29="","Theo thỏa thuận",IF(F29<D29,"Thấp hơn khoảng thị trường",IF(AND(E29<>"",F29>E29),"Cao hơn khoảng thị trường","Trong khoảng thị trường")))) -> Theo thỏa thuận | H29: 1.5 | I29: =H29*INDEX('Thông số'!$B$6:$B$10,MATCH("Senior Dev",'Thông số'!$A$6:$A$10,0))*'Thông số'!$B$26 -> 2100000 | J29: =IF(OR(F29="",F29=0),"",1-I29/F29) -> 0.3 | K29: Giá đề xuất của Claude.
A31: D. Phí hạ tầng và duy trì (nhà cung cấp tính, chuyển tiếp theo hóa đơn)
A32: Khoản phí | B32: Chu kỳ | C32: Ghi chú | D32: Thị trường thấp (VND) | E32: Thị trường cao (VND) | F32: Dùng trong báo giá (VND) | G32: So với thị trường | K32: Nguồn tham khảo
A33: Tên miền quốc tế (.com, .net) | B33: năm | C33: Gia hạn hằng năm | D33: 200000 | E33: 500000 | F33: 400000 | G33: =IF(F33<D33,"Thấp hơn khoảng thị trường",IF(F33>E33,"Cao hơn khoảng thị trường","Trong khoảng thị trường")) -> Trong khoảng thị trường | K33: MONA: 200.000 đến 500.000/năm.
A34: Tên miền Việt Nam (.vn, .com.vn) | B34: năm | C34: Gia hạn hằng năm | D34: 600000 | E34: 1200000 | F34: 800000 | G34: =IF(F34<D34,"Thấp hơn khoảng thị trường",IF(F34>E34,"Cao hơn khoảng thị trường","Trong khoảng thị trường")) -> Trong khoảng thị trường | K34: MONA: 600.000 đến 1.200.000/năm.
A35: Hosting website tĩnh / CDN | B35: năm | C35: Cho landing page và website giới thiệu | D35: 500000 | E35: 2000000 | F35: 1200000 | G35: =IF(F35<D35,"Thấp hơn khoảng thị trường",IF(F35>E35,"Cao hơn khoảng thị trường","Trong khoảng thị trường")) -> Trong khoảng thị trường | K35: MONA: 500.000 đến 2.000.000/năm. Bảng của bạn: 1 đến 5 triệu.
A36: VPS cho ứng dụng, CMS, CRM | B36: năm | C36: 2 vCPU / 4 GB RAM | D36: 1000000 | E36: 5000000 | F36: 4200000 | G36: =IF(F36<D36,"Thấp hơn khoảng thị trường",IF(F36>E36,"Cao hơn khoảng thị trường","Trong khoảng thị trường")) -> Trong khoảng thị trường | K36: Bảng tham khảo bạn cung cấp: 1 đến 5 triệu/năm.
A37: Chứng chỉ SSL | B37: năm | C37: Let's Encrypt miễn phí, trả phí nếu khách yêu cầu | D37: 0 | E37: 2000000 | F37: 0 | G37: =IF(F37<D37,"Thấp hơn khoảng thị trường",IF(F37>E37,"Cao hơn khoảng thị trường","Trong khoảng thị trường")) -> Trong khoảng thị trường | K37: Bảng bạn cung cấp: miễn phí hoặc 500.000 đến 2.000.000/năm.
A38: Bảo trì website cơ bản: giám sát, cảnh báo, sao lưu, 1 giờ hỗ trợ/tháng | B38: năm | C38: Giám sát, cảnh báo, sao lưu, hỗ trợ | D38: 2000000 | E38: 5000000 | F38: ='Vận hành'!I23*12 -> 4860000 | G38: =IF(F38<D38,"Thấp hơn khoảng thị trường",IF(F38>E38,"Cao hơn khoảng thị trường","Trong khoảng thị trường")) -> Trong khoảng thị trường | K38: MONA: bảo trì 2 đến 5 triệu/năm. Bizfly: 1 đến 5 triệu/tháng cho gói đầy đủ.
A40: Nguồn khảo sát (truy cập 05/10/2026, mang tính tham khảo, không phải cam kết giá)
A41: Bizfly, chi phí thiết kế website: https://bizfly.vn/techblog/chi-phi-thiet-ke-website.html
A42: MONA Media, bảng giá thiết kế website: https://mona.media/bang-gia-thiet-ke-website/
A43: MONA Media, chi phí duy trì website: https://mona.media/chi-phi-duy-tri-website/
A44: MONA Media, web theo yêu cầu (12 đến 35 triệu): https://mona.media/thiet-ke-va-lap-trinh-web-theo-yeu-cau/
A45: Gói theo cấp độ: Expro (4,7 / 7,9 / 11,9 / 15,9 triệu), Tomaz (6,9 / 8,5 / 15,9 triệu), Bictweb (1,5 đến 15 triệu): expro.vn, tomaz.vn, bictweb.vn
A46: Zalo Mini App: V9 Tech, CNV, LPTech, ByteSoft, CIT Group (kết quả tổng hợp từ tìm kiếm, chưa kiểm từng trang)
A47: Phần mềm theo yêu cầu 60 đến 400 triệu, bảo trì 10 đến 20%/năm: CIT Group, citgroup.vn/software
A48: CRM có sẵn: MISA AMIS CRM từ 55.000 đồng/người/tháng: amis.misa.vn
A49: Bảng chức năng và giá module do người dùng cung cấp trong phiên làm việc (popup, Google Dịch, tin tức, website cao cấp 39 đến 60 triệu).
A51: Lưu ý
A52: Giá thị trường rất phân tán: giao diện mẫu WordPress rẻ hơn nhiều so với lập trình riêng. Giá đề xuất đặt ở mức trung bình đến trên trung bình của khoảng thị trường vì dùng thành phần tự phát triển, bàn giao tài liệu và có kinh nghiệm vận hành thật. Mọi giá đều chỉnh được ở ô nền vàng.

Sheet Thông số
A1: Thông số báo giá
A2: Chỉ sửa các ô chữ xanh nền vàng. Mọi sheet khác tự tính lại theo các thông số này.
A4: Đơn giá ngày công theo vai trò
A5: Vai trò | B5: Đơn giá (VND/ngày) | C5: Ghi chú
A6: PM/BA | B6: 1500000 | C6: Quản lý dự án, phân tích nghiệp vụ, tài liệu, đào tạo.
A7: UI/UX | B7: 1500000 | C7: Thiết kế giao diện, prototype.
A8: Senior Dev | B8: 2000000 | C8: Lập trình frontend/backend, kiến trúc, tích hợp.
A9: DevOps | B9: 2000000 | C9: Hạ tầng, triển khai, CI/CD, giám sát.
A10: QA | B10: 1000000 | C10: Kiểm thử chức năng, hồi quy, hiệu năng.
A12: Hệ số và điều kiện thương mại
A13: Thông số | B13: Giá trị | C13: Ghi chú
A14: Quản lý dự án (% trên tạm tính) | B14: 0.08 | C14: Họp tiến độ hàng tuần, báo cáo, điều phối. Giả định mẫu.
A15: Dự phòng rủi ro (% trên phần đã gồm quản lý) | B15: 0.1 | C15: Dành cho thay đổi nhỏ trong phạm vi. Giả định mẫu.
A16: Thuế VAT | B16: 0.1 | C16: Xác nhận mức VAT đang áp dụng với kế toán trước khi gửi khách.
A17: Số ngày công thực tế/tuần/người | B17: 5 | C17: Dùng để ước tính thời gian triển khai.
A18: Hiệu suất làm việc | B18: 0.8 | C18: Trừ họp, chờ phản hồi của khách. Giả định mẫu.
A19: Thanh toán đợt 1: ký hợp đồng | B19: 0.3 | C19: Tổng 3 đợt phải bằng 100%.
A20: Thanh toán đợt 2: nghiệm thu thiết kế / bản demo | B20: 0.4
A21: Thanh toán đợt 3: nghiệm thu và bàn giao | B21: 0.3
A22: Hiệu lực báo giá (ngày) | B22: 30
A23: Số vòng chỉnh sửa mỗi giai đoạn thiết kế | B23: 2 | C23: Vòng thêm tính theo đơn giá ngày công.
A24: Thời gian bảo hành lỗi (ngày) | B24: 30 | C24: Tính từ ngày nghiệm thu.
A25: Kiểm tra tổng 3 đợt thanh toán | B25: =IF(ROUND(SUM(B19:B21),4)=1,"Đúng 100%","Sai: tổng khác 100%") -> Đúng 100%
A26: Hệ số điều chỉnh đơn giá (tái sử dụng thành phần có sẵn, mặt bằng giá thị trường) | B26: 0.7 | C26: Nhân với mọi đơn giá ngày công. 70% nghĩa là mức thực tế bằng 70% đơn giá nhập ở trên, do tái sử dụng thành phần đã làm sẵn (đăng nhập, bảng dữ liệu, điểm danh, đồng bộ Excel) và để sát giá thị trường Việt Nam. Nhập 100% để tính đủ.

Sheet Hạng mục
A1: Bảng hạng mục chi tiết
A2: Số 1 trong cột gói nghĩa là hạng mục đã gồm trong gói. Cột Chọn cho khách dùng để lập báo giá riêng ở sheet Báo giá khách.
A5: Mã | B5: Giai đoạn | C5: Hạng mục | D5: Đầu ra bàn giao | E5: Vai trò | F5: Ngày công | G5: Đơn giá/ngày (VND) | H5: Thành tiền (VND) | I5: Landing page | J5: Website giới thiệu | K5: Website + CMS | L5: CRM | M5: Hệ thống quản lý | N5: Zalo Mini App | O5: Chọn cho khách (1/0) | P5: Ngày công đã chọn | Q5: Thành tiền đã chọn (VND) | R5: Loại | S5: Gói Rẻ | T5: Gói Cơ bản | U5: Gói Nâng cao | V5: Gói Cao cấp
A6: 1.1 | B6: 1. Khởi động & phân tích | C6: Họp khởi động, chốt mục tiêu và phạm vi | D6: Biên bản phạm vi, danh sách chức năng theo mức ưu tiên | E6: PM/BA | F6: 0.5 | G6: =INDEX('Thông số'!$B$6:$B$10,MATCH(E6,'Thông số'!$A$6:$A$10,0))*'Thông số'!$B$26 -> 1050000 | H6: =F6*G6 -> 525000 | I6: 1 | J6: 1 | K6: 1 | L6: 1 | M6: 1 | N6: 1 | O6: 1 | P6: =F6*O6 -> 0.5 | Q6: =H6*O6 -> 525000 | R6: =IF(SUM(I6:N6)=0,"Tùy chọn","Trong gói") -> Trong gói | S6: 1 | T6: 1 | U6: 1 | V6: 1
A7: 1.2 | B7: 1. Khởi động & phân tích | C7: Phân tích nghiệp vụ và đặc tả chức năng | D7: Tài liệu đặc tả: user story, luồng nghiệp vụ | E7: PM/BA | F7: 3 | G7: =INDEX('Thông số'!$B$6:$B$10,MATCH(E7,'Thông số'!$A$6:$A$10,0))*'Thông số'!$B$26 -> 1050000 | H7: =F7*G7 -> 3150000 | I7: 0 | J7: 0 | K7: 1 | L7: 1 | M7: 1 | N7: 1 | O7: 1 | P7: =F7*O7 -> 3 | Q7: =H7*O7 -> 3150000 | R7: =IF(SUM(I7:N7)=0,"Tùy chọn","Trong gói") -> Trong gói | S7: 0 | T7: 0 | U7: 1 | V7: 1
A8: 1.3 | B8: 1. Khởi động & phân tích | C8: Sitemap và cấu trúc nội dung | D8: Sơ đồ trang, danh sách nội dung khách cần chuẩn bị | E8: PM/BA | F8: 1 | G8: =INDEX('Thông số'!$B$6:$B$10,MATCH(E8,'Thông số'!$A$6:$A$10,0))*'Thông số'!$B$26 -> 1050000 | H8: =F8*G8 -> 1050000 | I8: 0 | J8: 1 | K8: 1 | L8: 0 | M8: 0 | N8: 0 | O8: 1 | P8: =F8*O8 -> 1 | Q8: =H8*O8 -> 1050000 | R8: =IF(SUM(I8:N8)=0,"Tùy chọn","Trong gói") -> Trong gói | S8: 0 | T8: 1 | U8: 1 | V8: 1
A9: 1.4 | B9: 1. Khởi động & phân tích | C9: Thiết kế kiến trúc và cơ sở dữ liệu | D9: Sơ đồ kiến trúc, ERD, lựa chọn công nghệ | E9: Senior Dev | F9: 3 | G9: =INDEX('Thông số'!$B$6:$B$10,MATCH(E9,'Thông số'!$A$6:$A$10,0))*'Thông số'!$B$26 -> 1400000 | H9: =F9*G9 -> 4200000 | I9: 0 | J9: 0 | K9: 1 | L9: 1 | M9: 1 | N9: 1 | O9: 1 | P9: =F9*O9 -> 3 | Q9: =H9*O9 -> 4200000 | R9: =IF(SUM(I9:N9)=0,"Tùy chọn","Trong gói") -> Trong gói | S9: 0 | T9: 0 | U9: 1 | V9: 1
A10: 1.5 | B10: 1. Khởi động & phân tích | C10: Kế hoạch dự án và lộ trình bàn giao | D10: Mốc thời gian, tiêu chí nghiệm thu | E10: PM/BA | F10: 0.5 | G10: =INDEX('Thông số'!$B$6:$B$10,MATCH(E10,'Thông số'!$A$6:$A$10,0))*'Thông số'!$B$26 -> 1050000 | H10: =F10*G10 -> 525000 | I10: 1 | J10: 1 | K10: 1 | L10: 1 | M10: 1 | N10: 1 | O10: 1 | P10: =F10*O10 -> 0.5 | Q10: =H10*O10 -> 525000 | R10: =IF(SUM(I10:N10)=0,"Tùy chọn","Trong gói") -> Trong gói | S10: 1 | T10: 1 | U10: 1 | V10: 1
A11: 2.1 | B11: 2. Thiết kế UI/UX | C11: Moodboard và bộ nhận diện giao diện | D11: Style guide: màu, font, component, design tokens | E11: UI/UX | F11: 1 | G11: =INDEX('Thông số'!$B$6:$B$10,MATCH(E11,'Thông số'!$A$6:$A$10,0))*'Thông số'!$B$26 -> 1050000 | H11: =F11*G11 -> 1050000 | I11: 1 | J11: 1 | K11: 1 | L11: 1 | M11: 1 | N11: 1 | O11: 1 | P11: =F11*O11 -> 1 | Q11: =H11*O11 -> 1050000 | R11: =IF(SUM(I11:N11)=0,"Tùy chọn","Trong gói") -> Trong gói | S11: 1 | T11: 1 | U11: 1 | V11: 1
A12: 2.2 | B12: 2. Thiết kế UI/UX | C12: Thiết kế landing page (desktop và mobile) | D12: File thiết kế landing page | E12: UI/UX | F12: 3 | G12: =INDEX('Thông số'!$B$6:$B$10,MATCH(E12,'Thông số'!$A$6:$A$10,0))*'Thông số'!$B$26 -> 1050000 | H12: =F12*G12 -> 3150000 | I12: 1 | J12: 0 | K12: 0 | L12: 0 | M12: 0 | N12: 0 | O12: 0 | P12: =F12*O12 -> 0 | Q12: =H12*O12 -> 0 | R12: =IF(SUM(I12:N12)=0,"Tùy chọn","Trong gói") -> Trong gói | S12: 1 | T12: 0 | U12: 0 | V12: 0
A13: 2.3 | B13: 2. Thiết kế UI/UX | C13: Thiết kế website nhiều trang (5 đến 8 trang mẫu) | D13: File thiết kế các trang chính | E13: UI/UX | F13: 6 | G13: =INDEX('Thông số'!$B$6:$B$10,MATCH(E13,'Thông số'!$A$6:$A$10,0))*'Thông số'!$B$26 -> 1050000 | H13: =F13*G13 -> 6300000 | I13: 0 | J13: 1 | K13: 1 | L13: 0 | M13: 0 | N13: 0 | O13: 1 | P13: =F13*O13 -> 6 | Q13: =H13*O13 -> 6300000 | R13: =IF(SUM(I13:N13)=0,"Tùy chọn","Trong gói") -> Trong gói | S13: 0 | T13: 1 | U13: 1 | V13: 1
A14: 2.4 | B14: 2. Thiết kế UI/UX | C14: Thiết kế giao diện quản trị | D14: Dashboard, danh sách, biểu mẫu, trạng thái rỗng | E14: UI/UX | F14: 6 | G14: =INDEX('Thông số'!$B$6:$B$10,MATCH(E14,'Thông số'!$A$6:$A$10,0))*'Thông số'!$B$26 -> 1050000 | H14: =F14*G14 -> 6300000 | I14: 0 | J14: 0 | K14: 1 | L14: 1 | M14: 1 | N14: 0 | O14: 1 | P14: =F14*O14 -> 6 | Q14: =H14*O14 -> 6300000 | R14: =IF(SUM(I14:N14)=0,"Tùy chọn","Trong gói") -> Trong gói | S14: 0 | T14: 0 | U14: 1 | V14: 1
A15: 2.5 | B15: 2. Thiết kế UI/UX | C15: Thiết kế giao diện mobile cho hệ thống | D15: Bản mobile của danh sách, biểu mẫu, điều hướng | E15: UI/UX | F15: 3 | G15: =INDEX('Thông số'!$B$6:$B$10,MATCH(E15,'Thông số'!$A$6:$A$10,0))*'Thông số'!$B$26 -> 1050000 | H15: =F15*G15 -> 3150000 | I15: 0 | J15: 0 | K15: 0 | L15: 1 | M15: 1 | N15: 0 | O15: 0 | P15: =F15*O15 -> 0 | Q15: =H15*O15 -> 0 | R15: =IF(SUM(I15:N15)=0,"Tùy chọn","Trong gói") -> Trong gói | S15: 0 | T15: 0 | U15: 0 | V15: 0
A16: 2.6 | B16: 2. Thiết kế UI/UX | C16: Thiết kế Zalo Mini App (ZaUI) | D16: Màn hình Mini App theo chuẩn thiết kế của Zalo | E16: UI/UX | F16: 4 | G16: =INDEX('Thông số'!$B$6:$B$10,MATCH(E16,'Thông số'!$A$6:$A$10,0))*'Thông số'!$B$26 -> 1050000 | H16: =F16*G16 -> 4200000 | I16: 0 | J16: 0 | K16: 0 | L16: 0 | M16: 0 | N16: 1 | O16: 0 | P16: =F16*O16 -> 0 | Q16: =H16*O16 -> 0 | R16: =IF(SUM(I16:N16)=0,"Tùy chọn","Trong gói") -> Trong gói | S16: 0 | T16: 0 | U16: 0 | V16: 0
A17: 2.7 | B17: 2. Thiết kế UI/UX | C17: Prototype và duyệt thiết kế | D17: Prototype bấm được, tối đa số vòng chỉnh sửa trong Thông số | E17: UI/UX | F17: 1 | G17: =INDEX('Thông số'!$B$6:$B$10,MATCH(E17,'Thông số'!$A$6:$A$10,0))*'Thông số'!$B$26 -> 1050000 | H17: =F17*G17 -> 1050000 | I17: 1 | J17: 1 | K17: 1 | L17: 1 | M17: 1 | N17: 1 | O17: 1 | P17: =F17*O17 -> 1 | Q17: =H17*O17 -> 1050000 | R17: =IF(SUM(I17:N17)=0,"Tùy chọn","Trong gói") -> Trong gói | S17: 1 | T17: 1 | U17: 1 | V17: 1
... A76: 12.4 | B76: 12. Đào tạo & bàn giao | C76: Bàn giao mã nguồn và tài khoản | D76: Mã nguồn, tài khoản quản trị, tài khoản hạ tầng | E76: Senior Dev | F76: 0.5 | G76: =INDEX('Thông số'!$B$6:$B$10,MATCH(E76,'Thông số'!$A$6:$A$10,0))*'Thông số'!$B$26 -> 1400000 | H76: =F76*G76 -> 700000 | I76: 1 | J76: 1 | K76: 1 | L76: 1 | M76: 1 | N76: 1 | O76: 1 | P76: =F76*O76 -> 0.5 | Q76: =H76*O76 -> 700000 | R76: =IF(SUM(I76:N76)=0,"Tùy chọn","Trong gói") -> Trong gói | S76: 1 | T76: 1 | U76: 1 | V76: 1
C77: Tổng theo từng gói / tổng đã chọn | D77: Thành tiền trước quản lý dự án, dự phòng, VAT | F77: =SUMPRODUCT(F6:F76,O6:O76) -> 80 | I77: =SUMPRODUCT(I6:I76,$H$6:$H$76) -> 23800000 | J77: =SUMPRODUCT(J6:J76,$H$6:$H$76) -> 35000000 | K77: =SUMPRODUCT(K6:K76,$H$6:$H$76) -> 102900000 | L77: =SUMPRODUCT(L6:L76,$H$6:$H$76) -> 126000000 | M77: =SUMPRODUCT(M6:M76,$H$6:$H$76) -> 143500000 | N77: =SUMPRODUCT(N6:N76,$H$6:$H$76) -> 90650000 | O77: =SUM(O6:O76) -> 32 | P77: =SUM(P6:P76) -> 80 | Q77: =SUM(Q6:Q76) -> 102900000 | S77: =SUMPRODUCT(S6:S76,$H$6:$H$76) -> 22400000 | T77: =SUMPRODUCT(T6:T76,$H$6:$H$76) -> 35000000 | U77: =SUMPRODUCT(U6:U76,$H$6:$H$76) -> 102900000 | V77: =SUMPRODUCT(V6:V76,$H$6:$H$76) -> 136500000

Sheet Gói cấp độ
A1: BẢNG BÁO GIÁ CHỨC NĂNG WEBSITE THEO CẤP ĐỘ
A2: Nguyễn Phan Minh Phú · Senior Software Engineer · npmphu97@gmail.com · 0379 774 886
A4: STT | B4: Tên chức năng | C4: Mã hạng mục 1 | D4: Mã hạng mục 2 | E4: Gói Rẻ | F4: Gói Cơ bản | G4: Gói Nâng cao | H4: Gói Cao cấp
B5: Giá gói (chưa VAT) | E5: ='Bảng giá đề xuất'!F6 -> 5000000 | F5: ='Bảng giá đề xuất'!F7 -> 12000000 | G5: ='Bảng giá đề xuất'!F8 -> 28000000 | H5: ='Bảng giá đề xuất'!F9 -> 45000000
B6: Phù hợp với | E6: Giới thiệu nhanh, chạy quảng cáo, thu thông tin khách | F6: Doanh nghiệp cần hiện diện chuyên nghiệp, ít đổi nội dung | G6: Doanh nghiệp tự cập nhật nội dung, làm SEO lâu dài | H6: Cần đa ngôn ngữ, thanh toán, tích hợp và chức năng riêng
A7: 1 | B7: Landing page một trang | C7: 3.1 | E7: =IF(SUMPRODUCT((('Hạng mục'!$A$6:$A$76=$C7)+('Hạng mục'!$A$6:$A$76=$D7))*'Hạng mục'!$S$6:$S$76)>0,"✔ Có",IF(SUMPRODUCT((('Hạng mục'!$A$6:$A$76=$C7)+('Hạng mục'!$A$6:$A$76=$D7))*'Hạng mục'!$S$6:$V$76)=0,"＋ Tùy chọn","✘ Không")) -> ✔ Có | F7: =IF(SUMPRODUCT((('Hạng mục'!$A$6:$A$76=$C7)+('Hạng mục'!$A$6:$A$76=$D7))*'Hạng mục'!$T$6:$T$76)>0,"✔ Có",IF(SUMPRODUCT((('Hạng mục'!$A$6:$A$76=$C7)+('Hạng mục'!$A$6:$A$76=$D7))*'Hạng mục'!$S$6:$V$76)=0,"＋ Tùy chọn","✘ Không")) -> ✘ Không | G7: =IF(SUMPRODUCT((('Hạng mục'!$A$6:$A$76=$C7)+('Hạng mục'!$A$6:$A$76=$D7))*'Hạng mục'!$U$6:$U$76)>0,"✔ Có",IF(SUMPRODUCT((('Hạng mục'!$A$6:$A$76=$C7)+('Hạng mục'!$A$6:$A$76=$D7))*'Hạng mục'!$S$6:$V$76)=0,"＋ Tùy chọn","✘ Không")) -> ✘ Không | H7: =IF(SUMPRODUCT((('Hạng mục'!$A$6:$A$76=$C7)+('Hạng mục'!$A$6:$A$76=$D7))*'Hạng mục'!$V$6:$V$76)>0,"✔ Có",IF(SUMPRODUCT((('Hạng mục'!$A$6:$A$76=$C7)+('Hạng mục'!$A$6:$A$76=$D7))*'Hạng mục'!$S$6:$V$76)=0,"＋ Tùy chọn","✘ Không")) -> ✘ Không
A8: 2 | B8: Website nhiều trang: giới thiệu, sản phẩm/dịch vụ, tin tức | C8: 3.2 | E8: =IF(SUMPRODUCT((('Hạng mục'!$A$6:$A$76=$C8)+('Hạng mục'!$A$6:$A$76=$D8))*'Hạng mục'!$S$6:$S$76)>0,"✔ Có",IF(SUMPRODUCT((('Hạng mục'!$A$6:$A$76=$C8)+('Hạng mục'!$A$6:$A$76=$D8))*'Hạng mục'!$S$6:$V$76)=0,"＋ Tùy chọn","✘ Không")) -> ✘ Không | F8: =IF(SUMPRODUCT((('Hạng mục'!$A$6:$A$76=$C8)+('Hạng mục'!$A$6:$A$76=$D8))*'Hạng mục'!$T$6:$T$76)>0,"✔ Có",IF(SUMPRODUCT((('Hạng mục'!$A$6:$A$76=$C8)+('Hạng mục'!$A$6:$A$76=$D8))*'Hạng mục'!$S$6:$V$76)=0,"＋ Tùy chọn","✘ Không")) -> ✔ Có | G8: =IF(SUMPRODUCT((('Hạng mục'!$A$6:$A$76=$C8)+('Hạng mục'!$A$6:$A$76=$D8))*'Hạng mục'!$U$6:$U$76)>0,"✔ Có",IF(SUMPRODUCT((('Hạng mục'!$A$6:$A$76=$C8)+('Hạng mục'!$A$6:$A$76=$D8))*'Hạng mục'!$S$6:$V$76)=0,"＋ Tùy chọn","✘ Không")) -> ✔ Có | H8: =IF(SUMPRODUCT((('Hạng mục'!$A$6:$A$76=$C8)+('Hạng mục'!$A$6:$A$76=$D8))*'Hạng mục'!$V$6:$V$76)>0,"✔ Có",IF(SUMPRODUCT((('Hạng mục'!$A$6:$A$76=$C8)+('Hạng mục'!$A$6:$A$76=$D8))*'Hạng mục'!$S$6:$V$76)=0,"＋ Tùy chọn","✘ Không")) -> ✔ Có
A9: 3 | B9: Thiết kế theo bộ nhận diện thương hiệu | C9: 2.1 | E9: =IF(SUMPRODUCT((('Hạng mục'!$A$6:$A$76=$C9)+('Hạng mục'!$A$6:$A$76=$D9))*'Hạng mục'!$S$6:$S$76)>0,"✔ Có",IF(SUMPRODUCT((('Hạng mục'!$A$6:$A$76=$C9)+('Hạng mục'!$A$6:$A$76=$D9))*'Hạng mục'!$S$6:$V$76)=0,"＋ Tùy chọn","✘ Không")) -> ✔ Có | F9: =IF(SUMPRODUCT((('Hạng mục'!$A$6:$A$76=$C9)+('Hạng mục'!$A$6:$A$76=$D9))*'Hạng mục'!$T$6:$T$76)>0,"✔ Có",IF(SUMPRODUCT((('Hạng mục'!$A$6:$A$76=$C9)+('Hạng mục'!$A$6:$A$76=$D9))*'Hạng mục'!$S$6:$V$76)=0,"＋ Tùy chọn","✘ Không")) -> ✔ Có | G9: =IF(SUMPRODUCT((('Hạng mục'!$A$6:$A$76=$C9)+('Hạng mục'!$A$6:$A$76=$D9))*'Hạng mục'!$U$6:$U$76)>0,"✔ Có",IF(SUMPRODUCT((('Hạng mục'!$A$6:$A$76=$C9)+('Hạng mục'!$A$6:$A$76=$D9))*'Hạng mục'!$S$6:$V$76)=0,"＋ Tùy chọn","✘ Không")) -> ✔ Có | H9: =IF(SUMPRODUCT((('Hạng mục'!$A$6:$A$76=$C9)+('Hạng mục'!$A$6:$A$76=$D9))*'Hạng mục'!$V$6:$V$76)>0,"✔ Có",IF(SUMPRODUCT((('Hạng mục'!$A$6:$A$76=$C9)+('Hạng mục'!$A$6:$A$76=$D9))*'Hạng mục'!$S$6:$V$76)=0,"＋ Tùy chọn","✘ Không")) -> ✔ Có
A10: 4 | B10: Hỗ trợ giao diện di động, phù hợp mọi thiết bị | C10: 3.1 | D10: 3.2 | E10: =IF(SUMPRODUCT((('Hạng mục'!$A$6:$A$76=$C10)+('Hạng mục'!$A$6:$A$76=$D10))*'Hạng mục'!$S$6:$S$76)>0,"✔ Có",IF(SUMPRODUCT((('Hạng mục'!$A$6:$A$76=$C10)+('Hạng mục'!$A$6:$A$76=$D10))*'Hạng mục'!$S$6:$V$76)=0,"＋ Tùy chọn","✘ Không")) -> ✔ Có | F10: =IF(SUMPRODUCT((('Hạng mục'!$A$6:$A$76=$C10)+('Hạng mục'!$A$6:$A$76=$D10))*'Hạng mục'!$T$6:$T$76)>0,"✔ Có",IF(SUMPRODUCT((('Hạng mục'!$A$6:$A$76=$C10)+('Hạng mục'!$A$6:$A$76=$D10))*'Hạng mục'!$S$6:$V$76)=0,"＋ Tùy chọn","✘ Không")) -> ✔ Có | G10: =IF(SUMPRODUCT((('Hạng mục'!$A$6:$A$76=$C10)+('Hạng mục'!$A$6:$A$76=$D10))*'Hạng mục'!$U$6:$U$76)>0,"✔ Có",IF(SUMPRODUCT((('Hạng mục'!$A$6:$A$76=$C10)+('Hạng mục'!$A$6:$A$76=$D10))*'Hạng mục'!$S$6:$V$76)=0,"＋ Tùy chọn","✘ Không")) -> ✔ Có | H10: =IF(SUMPRODUCT((('Hạng mục'!$A$6:$A$76=$C10)+('Hạng mục'!$A$6:$A$76=$D10))*'Hạng mục'!$V$6:$V$76)>0,"✔ Có",IF(SUMPRODUCT((('Hạng mục'!$A$6:$A$76=$C10)+('Hạng mục'!$A$6:$A$76=$D10))*'Hạng mục'!$S$6:$V$76)=0,"＋ Tùy chọn","✘ Không")) -> ✔ Có
A11: 5 | B11: Giới thiệu sản phẩm/dịch vụ theo từng chuyên mục | C11: 2.3 | E11: =IF(SUMPRODUCT((('Hạng mục'!$A$6:$A$76=$C11)+('Hạng mục'!$A$6:$A$76=$D11))*'Hạng mục'!$S$6:$S$76)>0,"✔ Có",IF(SUMPRODUCT((('Hạng mục'!$A$6:$A$76=$C11)+('Hạng mục'!$A$6:$A$76=$D11))*'Hạng mục'!$S$6:$V$76)=0,"＋ Tùy chọn","✘ Không")) -> ✘ Không | F11: =IF(SUMPRODUCT((('Hạng mục'!$A$6:$A$76=$C11)+('Hạng mục'!$A$6:$A$76=$D11))*'Hạng mục'!$T$6:$T$76)>0,"✔ Có",IF(SUMPRODUCT((('Hạng mục'!$A$6:$A$76=$C11)+('Hạng mục'!$A$6:$A$76=$D11))*'Hạng mục'!$S$6:$V$76)=0,"＋ Tùy chọn","✘ Không")) -> ✔ Có | G11: =IF(SUMPRODUCT((('Hạng mục'!$A$6:$A$76=$C11)+('Hạng mục'!$A$6:$A$76=$D11))*'Hạng mục'!$U$6:$U$76)>0,"✔ Có",IF(SUMPRODUCT((('Hạng mục'!$A$6:$A$76=$C11)+('Hạng mục'!$A$6:$A$76=$D11))*'Hạng mục'!$S$6:$V$76)=0,"＋ Tùy chọn","✘ Không")) -> ✔ Có | H11: =IF(SUMPRODUCT((('Hạng mục'!$A$6:$A$76=$C11)+('Hạng mục'!$A$6:$A$76=$D11))*'Hạng mục'!$V$6:$V$76)>0,"✔ Có",IF(SUMPRODUCT((('Hạng mục'!$A$6:$A$76=$C11)+('Hạng mục'!$A$6:$A$76=$D11))*'Hạng mục'!$S$6:$V$76)=0,"＋ Tùy chọn","✘ Không")) -> ✔ Có
A12: 6 | B12: Form liên hệ, thư liên hệ gửi về email | C12: 3.4 | E12: =IF(SUMPRODUCT((('Hạng mục'!$A$6:$A$76=$C12)+('Hạng mục'!$A$6:$A$76=$D12))*'Hạng mục'!$S$6:$S$76)>0,"✔ Có",IF(SUMPRODUCT((('Hạng mục'!$A$6:$A$76=$C12)+('Hạng mục'!$A$6:$A$76=$D12))*'Hạng mục'!$S$6:$V$76)=0,"＋ Tùy chọn","✘ Không")) -> ✔ Có | F12: =IF(SUMPRODUCT((('Hạng mục'!$A$6:$A$76=$C12)+('Hạng mục'!$A$6:$A$76=$D12))*'Hạng mục'!$T$6:$T$76)>0,"✔ Có",IF(SUMPRODUCT((('Hạng mục'!$A$6:$A$76=$C12)+('Hạng mục'!$A$6:$A$76=$D12))*'Hạng mục'!$S$6:$V$76)=0,"＋ Tùy chọn","✘ Không")) -> ✔ Có | G12: =IF(SUMPRODUCT((('Hạng mục'!$A$6:$A$76=$C12)+('Hạng mục'!$A$6:$A$76=$D12))*'Hạng mục'!$U$6:$U$76)>0,"✔ Có",IF(SUMPRODUCT((('Hạng mục'!$A$6:$A$76=$C12)+('Hạng mục'!$A$6:$A$76=$D12))*'Hạng mục'!$S$6:$V$76)=0,"＋ Tùy chọn","✘ Không")) -> ✔ Có | H12: =IF(SUMPRODUCT((('Hạng mục'!$A$6:$A$76=$C12)+('Hạng mục'!$A$6:$A$76=$D12))*'Hạng mục'!$V$6:$V$76)>0,"✔ Có",IF(SUMPRODUCT((('Hạng mục'!$A$6:$A$76=$C12)+('Hạng mục'!$A$6:$A$76=$D12))*'Hạng mục'!$S$6:$V$76)=0,"＋ Tùy chọn","✘ Không")) -> ✔ Có
A13: 7 | B13: Tối ưu tốc độ và SEO kỹ thuật | C13: 3.3 | E13: =IF(SUMPRODUCT((('Hạng mục'!$A$6:$A$76=$C13)+('Hạng mục'!$A$6:$A$76=$D13))*'Hạng mục'!$S$6:$S$76)>0,"✔ Có",IF(SUMPRODUCT((('Hạng mục'!$A$6:$A$76=$C13)+('Hạng mục'!$A$6:$A$76=$D13))*'Hạng mục'!$S$6:$V$76)=0,"＋ Tùy chọn","✘ Không")) -> ✔ Có | F13: =IF(SUMPRODUCT((('Hạng mục'!$A$6:$A$76=$C13)+('Hạng mục'!$A$6:$A$76=$D13))*'Hạng mục'!$T$6:$T$76)>0,"✔ Có",IF(SUMPRODUCT((('Hạng mục'!$A$6:$A$76=$C13)+('Hạng mục'!$A$6:$A$76=$D13))*'Hạng mục'!$S$6:$V$76)=0,"＋ Tùy chọn","✘ Không")) -> ✔ Có | G13: =IF(SUMPRODUCT((('Hạng mục'!$A$6:$A$76=$C13)+('Hạng mục'!$A$6:$A$76=$D13))*'Hạng mục'!$U$6:$U$76)>0,"✔ Có",IF(SUMPRODUCT((('Hạng mục'!$A$6:$A$76=$C13)+('Hạng mục'!$A$6:$A$76=$D13))*'Hạng mục'!$S$6:$V$76)=0,"＋ Tùy chọn","✘ Không")) -> ✔ Có | H13: =IF(SUMPRODUCT((('Hạng mục'!$A$6:$A$76=$C13)+('Hạng mục'!$A$6:$A$76=$D13))*'Hạng mục'!$V$6:$V$76)>0,"✔ Có",IF(SUMPRODUCT((('Hạng mục'!$A$6:$A$76=$C13)+('Hạng mục'!$A$6:$A$76=$D13))*'Hạng mục'!$S$6:$V$76)=0,"＋ Tùy chọn","✘ Không")) -> ✔ Có
A14: 8 | B14: Theo dõi truy cập (Google Analytics, Pixel) | C14: 9.2 | E14: =IF(SUMPRODUCT((('Hạng mục'!$A$6:$A$76=$C14)+('Hạng mục'!$A$6:$A$76=$D14))*'Hạng mục'!$S$6:$S$76)>0,"✔ Có",IF(SUMPRODUCT((('Hạng mục'!$A$6:$A$76=$C14)+('Hạng mục'!$A$6:$A$76=$D14))*'Hạng mục'!$S$6:$V$76)=0,"＋ Tùy chọn","✘ Không")) -> ✘ Không | F14: =IF(SUMPRODUCT((('Hạng mục'!$A$6:$A$76=$C14)+('Hạng mục'!$A$6:$A$76=$D14))*'Hạng mục'!$T$6:$T$76)>0,"✔ Có",IF(SUMPRODUCT((('Hạng mục'!$A$6:$A$76=$C14)+('Hạng mục'!$A$6:$A$76=$D14))*'Hạng mục'!$S$6:$V$76)=0,"＋ Tùy chọn","✘ Không")) -> ✔ Có | G14: =IF(SUMPRODUCT((('Hạng mục'!$A$6:$A$76=$C14)+('Hạng mục'!$A$6:$A$76=$D14))*'Hạng mục'!$U$6:$U$76)>0,"✔ Có",IF(SUMPRODUCT((('Hạng mục'!$A$6:$A$76=$C14)+('Hạng mục'!$A$6:$A$76=$D14))*'Hạng mục'!$S$6:$V$76)=0,"＋ Tùy chọn","✘ Không")) -> ✔ Có | H14: =IF(SUMPRODUCT((('Hạng mục'!$A$6:$A$76=$C14)+('Hạng mục'!$A$6:$A$76=$D14))*'Hạng mục'!$V$6:$V$76)>0,"✔ Có",IF(SUMPRODUCT((('Hạng mục'!$A$6:$A$76=$C14)+('Hạng mục'!$A$6:$A$76=$D14))*'Hạng mục'!$S$6:$V$76)=0,"＋ Tùy chọn","✘ Không")) -> ✔ Có
A15: 9 | B15: Tên miền riêng và chứng chỉ SSL (HTTPS) | C15: 11.1 | E15: =IF(SUMPRODUCT((('Hạng mục'!$A$6:$A$76=$C15)+('Hạng mục'!$A$6:$A$76=$D15))*'Hạng mục'!$S$6:$S$76)>0,"✔ Có",IF(SUMPRODUCT((('Hạng mục'!$A$6:$A$76=$C15)+('Hạng mục'!$A$6:$A$76=$D15))*'Hạng mục'!$S$6:$V$76)=0,"＋ Tùy chọn","✘ Không")) -> ✔ Có | F15: =IF(SUMPRODUCT((('Hạng mục'!$A$6:$A$76=$C15)+('Hạng mục'!$A$6:$A$76=$D15))*'Hạng mục'!$T$6:$T$76)>0,"✔ Có",IF(SUMPRODUCT((('Hạng mục'!$A$6:$A$76=$C15)+('Hạng mục'!$A$6:$A$76=$D15))*'Hạng mục'!$S$6:$V$76)=0,"＋ Tùy chọn","✘ Không")) -> ✔ Có | G15: =IF(SUMPRODUCT((('Hạng mục'!$A$6:$A$76=$C15)+('Hạng mục'!$A$6:$A$76=$D15))*'Hạng mục'!$U$6:$U$76)>0,"✔ Có",IF(SUMPRODUCT((('Hạng mục'!$A$6:$A$76=$C15)+('Hạng mục'!$A$6:$A$76=$D15))*'Hạng mục'!$S$6:$V$76)=0,"＋ Tùy chọn","✘ Không")) -> ✔ Có | H15: =IF(SUMPRODUCT((('Hạng mục'!$A$6:$A$76=$C15)+('Hạng mục'!$A$6:$A$76=$D15))*'Hạng mục'!$V$6:$V$76)>0,"✔ Có",IF(SUMPRODUCT((('Hạng mục'!$A$6:$A$76=$C15)+('Hạng mục'!$A$6:$A$76=$D15))*'Hạng mục'!$S$6:$V$76)=0,"＋ Tùy chọn","✘ Không")) -> ✔ Có
A16: 10 | B16: Tự cập nhật bài viết và trang (CMS) | C16: 5.1 | E16: =IF(SUMPRODUCT((('Hạng mục'!$A$6:$A$76=$C16)+('Hạng mục'!$A$6:$A$76=$D16))*'Hạng mục'!$S$6:$S$76)>0,"✔ Có",IF(SUMPRODUCT((('Hạng mục'!$A$6:$A$76=$C16)+('Hạng mục'!$A$6:$A$76=$D16))*'Hạng mục'!$S$6:$V$76)=0,"＋ Tùy chọn","✘ Không")) -> ✘ Không | F16: =IF(SUMPRODUCT((('Hạng mục'!$A$6:$A$76=$C16)+('Hạng mục'!$A$6:$A$76=$D16))*'Hạng mục'!$T$6:$T$76)>0,"✔ Có",IF(SUMPRODUCT((('Hạng mục'!$A$6:$A$76=$C16)+('Hạng mục'!$A$6:$A$76=$D16))*'Hạng mục'!$S$6:$V$76)=0,"＋ Tùy chọn","✘ Không")) -> ✘ Không | G16: =IF(SUMPRODUCT((('Hạng mục'!$A$6:$A$76=$C16)+('Hạng mục'!$A$6:$A$76=$D16))*'Hạng mục'!$U$6:$U$76)>0,"✔ Có",IF(SUMPRODUCT((('Hạng mục'!$A$6:$A$76=$C16)+('Hạng mục'!$A$6:$A$76=$D16))*'Hạng mục'!$S$6:$V$76)=0,"＋ Tùy chọn","✘ Không")) -> ✔ Có | H16: =IF(SUMPRODUCT((('Hạng mục'!$A$6:$A$76=$C16)+('Hạng mục'!$A$6:$A$76=$D16))*'Hạng mục'!$V$6:$V$76)>0,"✔ Có",IF(SUMPRODUCT((('Hạng mục'!$A$6:$A$76=$C16)+('Hạng mục'!$A$6:$A$76=$D16))*'Hạng mục'!$S$6:$V$76)=0,"＋ Tùy chọn","✘ Không")) -> ✔ Có
A17: 11 | B17: Thư viện ảnh, video, hoạt động của công ty | C17: 5.2 | E17: =IF(SUMPRODUCT((('Hạng mục'!$A$6:$A$76=$C17)+('Hạng mục'!$A$6:$A$76=$D17))*'Hạng mục'!$S$6:$S$76)>0,"✔ Có",IF(SUMPRODUCT((('Hạng mục'!$A$6:$A$76=$C17)+('Hạng mục'!$A$6:$A$76=$D17))*'Hạng mục'!$S$6:$V$76)=0,"＋ Tùy chọn","✘ Không")) -> ✘ Không | F17: =IF(SUMPRODUCT((('Hạng mục'!$A$6:$A$76=$C17)+('Hạng mục'!$A$6:$A$76=$D17))*'Hạng mục'!$T$6:$T$76)>0,"✔ Có",IF(SUMPRODUCT((('Hạng mục'!$A$6:$A$76=$C17)+('Hạng mục'!$A$6:$A$76=$D17))*'Hạng mục'!$S$6:$V$76)=0,"＋ Tùy chọn","✘ Không")) -> ✘ Không | G17: =IF(SUMPRODUCT((('Hạng mục'!$A$6:$A$76=$C17)+('Hạng mục'!$A$6:$A$76=$D17))*'Hạng mục'!$U$6:$U$76)>0,"✔ Có",IF(SUMPRODUCT((('Hạng mục'!$A$6:$A$76=$C17)+('Hạng mục'!$A$6:$A$76=$D17))*'Hạng mục'!$S$6:$V$76)=0,"＋ Tùy chọn","✘ Không")) -> ✔ Có | H17: =IF(SUMPRODUCT((('Hạng mục'!$A$6:$A$76=$C17)+('Hạng mục'!$A$6:$A$76=$D17))*'Hạng mục'!$V$6:$V$76)>0,"✔ Có",IF(SUMPRODUCT((('Hạng mục'!$A$6:$A$76=$C17)+('Hạng mục'!$A$6:$A$76=$D17))*'Hạng mục'!$S$6:$V$76)=0,"＋ Tùy chọn","✘ Không")) -> ✔ Có
A18: 12 | B18: Quản lý menu, banner, SEO từng trang | C18: 5.3 | E18: =IF(SUMPRODUCT((('Hạng mục'!$A$6:$A$76=$C18)+('Hạng mục'!$A$6:$A$76=$D18))*'Hạng mục'!$S$6:$S$76)>0,"✔ Có",IF(SUMPRODUCT((('Hạng mục'!$A$6:$A$76=$C18)+('Hạng mục'!$A$6:$A$76=$D18))*'Hạng mục'!$S$6:$V$76)=0,"＋ Tùy chọn","✘ Không")) -> ✘ Không | F18: =IF(SUMPRODUCT((('Hạng mục'!$A$6:$A$76=$C18)+('Hạng mục'!$A$6:$A$76=$D18))*'Hạng mục'!$T$6:$T$76)>0,"✔ Có",IF(SUMPRODUCT((('Hạng mục'!$A$6:$A$76=$C18)+('Hạng mục'!$A$6:$A$76=$D18))*'Hạng mục'!$S$6:$V$76)=0,"＋ Tùy chọn","✘ Không")) -> ✘ Không | G18: =IF(SUMPRODUCT((('Hạng mục'!$A$6:$A$76=$C18)+('Hạng mục'!$A$6:$A$76=$D18))*'Hạng mục'!$U$6:$U$76)>0,"✔ Có",IF(SUMPRODUCT((('Hạng mục'!$A$6:$A$76=$C18)+('Hạng mục'!$A$6:$A$76=$D18))*'Hạng mục'!$S$6:$V$76)=0,"＋ Tùy chọn","✘ Không")) -> ✔ Có | H18: =IF(SUMPRODUCT((('Hạng mục'!$A$6:$A$76=$C18)+('Hạng mục'!$A$6:$A$76=$D18))*'Hạng mục'!$V$6:$V$76)>0,"✔ Có",IF(SUMPRODUCT((('Hạng mục'!$A$6:$A$76=$C18)+('Hạng mục'!$A$6:$A$76=$D18))*'Hạng mục'!$S$6:$V$76)=0,"＋ Tùy chọn","✘ Không")) -> ✔ Có
A19: 13 | B19: Đăng bài theo lịch, khôi phục phiên bản cũ | C19: 5.4 | E19: =IF(SUMPRODUCT((('Hạng mục'!$A$6:$A$76=$C19)+('Hạng mục'!$A$6:$A$76=$D19))*'Hạng mục'!$S$6:$S$76)>0,"✔ Có",IF(SUMPRODUCT((('Hạng mục'!$A$6:$A$76=$C19)+('Hạng mục'!$A$6:$A$76=$D19))*'Hạng mục'!$S$6:$V$76)=0,"＋ Tùy chọn","✘ Không")) -> ✘ Không | F19: =IF(SUMPRODUCT((('Hạng mục'!$A$6:$A$76=$C19)+('Hạng mục'!$A$6:$A$76=$D19))*'Hạng mục'!$T$6:$T$76)>0,"✔ Có",IF(SUMPRODUCT((('Hạng mục'!$A$6:$A$76=$C19)+('Hạng mục'!$A$6:$A$76=$D19))*'Hạng mục'!$S$6:$V$76)=0,"＋ Tùy chọn","✘ Không")) -> ✘ Không | G19: =IF(SUMPRODUCT((('Hạng mục'!$A$6:$A$76=$C19)+('Hạng mục'!$A$6:$A$76=$D19))*'Hạng mục'!$U$6:$U$76)>0,"✔ Có",IF(SUMPRODUCT((('Hạng mục'!$A$6:$A$76=$C19)+('Hạng mục'!$A$6:$A$76=$D19))*'Hạng mục'!$S$6:$V$76)=0,"＋ Tùy chọn","✘ Không")) -> ✔ Có | H19: =IF(SUMPRODUCT((('Hạng mục'!$A$6:$A$76=$C19)+('Hạng mục'!$A$6:$A$76=$D19))*'Hạng mục'!$V$6:$V$76)>0,"✔ Có",IF(SUMPRODUCT((('Hạng mục'!$A$6:$A$76=$C19)+('Hạng mục'!$A$6:$A$76=$D19))*'Hạng mục'!$S$6:$V$76)=0,"＋ Tùy chọn","✘ Không")) -> ✔ Có
A20: 14 | B20: Trang quản trị, đăng nhập, phân quyền | C20: 4.2 | E20: =IF(SUMPRODUCT((('Hạng mục'!$A$6:$A$76=$C20)+('Hạng mục'!$A$6:$A$76=$D20))*'Hạng mục'!$S$6:$S$76)>0,"✔ Có",IF(SUMPRODUCT((('Hạng mục'!$A$6:$A$76=$C20)+('Hạng mục'!$A$6:$A$76=$D20))*'Hạng mục'!$S$6:$V$76)=0,"＋ Tùy chọn","✘ Không")) -> ✘ Không | F20: =IF(SUMPRODUCT((('Hạng mục'!$A$6:$A$76=$C20)+('Hạng mục'!$A$6:$A$76=$D20))*'Hạng mục'!$T$6:$T$76)>0,"✔ Có",IF(SUMPRODUCT((('Hạng mục'!$A$6:$A$76=$C20)+('Hạng mục'!$A$6:$A$76=$D20))*'Hạng mục'!$S$6:$V$76)=0,"＋ Tùy chọn","✘ Không")) -> ✘ Không | G20: =IF(SUMPRODUCT((('Hạng mục'!$A$6:$A$76=$C20)+('Hạng mục'!$A$6:$A$76=$D20))*'Hạng mục'!$U$6:$U$76)>0,"✔ Có",IF(SUMPRODUCT((('Hạng mục'!$A$6:$A$76=$C20)+('Hạng mục'!$A$6:$A$76=$D20))*'Hạng mục'!$S$6:$V$76)=0,"＋ Tùy chọn","✘ Không")) -> ✔ Có | H20: =IF(SUMPRODUCT((('Hạng mục'!$A$6:$A$76=$C20)+('Hạng mục'!$A$6:$A$76=$D20))*'Hạng mục'!$V$6:$V$76)>0,"✔ Có",IF(SUMPRODUCT((('Hạng mục'!$A$6:$A$76=$C20)+('Hạng mục'!$A$6:$A$76=$D20))*'Hạng mục'!$S$6:$V$76)=0,"＋ Tùy chọn","✘ Không")) -> ✔ Có
A21: 15 | B21: Email thông báo tự động (đơn hàng, liên hệ) | C21: 9.1 | E21: =IF(SUMPRODUCT((('Hạng mục'!$A$6:$A$76=$C21)+('Hạng mục'!$A$6:$A$76=$D21))*'Hạng mục'!$S$6:$S$76)>0,"✔ Có",IF(SUMPRODUCT((('Hạng mục'!$A$6:$A$76=$C21)+('Hạng mục'!$A$6:$A$76=$D21))*'Hạng mục'!$S$6:$V$76)=0,"＋ Tùy chọn","✘ Không")) -> ✘ Không | F21: =IF(SUMPRODUCT((('Hạng mục'!$A$6:$A$76=$C21)+('Hạng mục'!$A$6:$A$76=$D21))*'Hạng mục'!$T$6:$T$76)>0,"✔ Có",IF(SUMPRODUCT((('Hạng mục'!$A$6:$A$76=$C21)+('Hạng mục'!$A$6:$A$76=$D21))*'Hạng mục'!$S$6:$V$76)=0,"＋ Tùy chọn","✘ Không")) -> ✘ Không | G21: =IF(SUMPRODUCT((('Hạng mục'!$A$6:$A$76=$C21)+('Hạng mục'!$A$6:$A$76=$D21))*'Hạng mục'!$U$6:$U$76)>0,"✔ Có",IF(SUMPRODUCT((('Hạng mục'!$A$6:$A$76=$C21)+('Hạng mục'!$A$6:$A$76=$D21))*'Hạng mục'!$S$6:$V$76)=0,"＋ Tùy chọn","✘ Không")) -> ✘ Không | H21: =IF(SUMPRODUCT((('Hạng mục'!$A$6:$A$76=$C21)+('Hạng mục'!$A$6:$A$76=$D21))*'Hạng mục'!$V$6:$V$76)>0,"✔ Có",IF(SUMPRODUCT((('Hạng mục'!$A$6:$A$76=$C21)+('Hạng mục'!$A$6:$A$76=$D21))*'Hạng mục'!$S$6:$V$76)=0,"＋ Tùy chọn","✘ Không")) -> ✔ Có
A22: 16 | B22: Hỗ trợ đa ngôn ngữ (Việt/Anh) | C22: 3.8 | E22: =IF(SUMPRODUCT((('Hạng mục'!$A$6:$A$76=$C22)+('Hạng mục'!$A$6:$A$76=$D22))*'Hạng mục'!$S$6:$S$76)>0,"✔ Có",IF(SUMPRODUCT((('Hạng mục'!$A$6:$A$76=$C22)+('Hạng mục'!$A$6:$A$76=$D22))*'Hạng mục'!$S$6:$V$76)=0,"＋ Tùy chọn","✘ Không")) -> ✘ Không | F22: =IF(SUMPRODUCT((('Hạng mục'!$A$6:$A$76=$C22)+('Hạng mục'!$A$6:$A$76=$D22))*'Hạng mục'!$T$6:$T$76)>0,"✔ Có",IF(SUMPRODUCT((('Hạng mục'!$A$6:$A$76=$C22)+('Hạng mục'!$A$6:$A$76=$D22))*'Hạng mục'!$S$6:$V$76)=0,"＋ Tùy chọn","✘ Không")) -> ✘ Không | G22: =IF(SUMPRODUCT((('Hạng mục'!$A$6:$A$76=$C22)+('Hạng mục'!$A$6:$A$76=$D22))*'Hạng mục'!$U$6:$U$76)>0,"✔ Có",IF(SUMPRODUCT((('Hạng mục'!$A$6:$A$76=$C22)+('Hạng mục'!$A$6:$A$76=$D22))*'Hạng mục'!$S$6:$V$76)=0,"＋ Tùy chọn","✘ Không")) -> ✘ Không | H22: =IF(SUMPRODUCT((('Hạng mục'!$A$6:$A$76=$C22)+('Hạng mục'!$A$6:$A$76=$D22))*'Hạng mục'!$V$6:$V$76)>0,"✔ Có",IF(SUMPRODUCT((('Hạng mục'!$A$6:$A$76=$C22)+('Hạng mục'!$A$6:$A$76=$D22))*'Hạng mục'!$S$6:$V$76)=0,"＋ Tùy chọn","✘ Không")) -> ✔ Có
... A26: 20 | B26: Giám sát, cảnh báo và sao lưu tự động | C26: 11.5 | E26: =IF(SUMPRODUCT((('Hạng mục'!$A$6:$A$76=$C26)+('Hạng mục'!$A$6:$A$76=$D26))*'Hạng mục'!$S$6:$S$76)>0,"✔ Có",IF(SUMPRODUCT((('Hạng mục'!$A$6:$A$76=$C26)+('Hạng mục'!$A$6:$A$76=$D26))*'Hạng mục'!$S$6:$V$76)=0,"＋ Tùy chọn","✘ Không")) -> ✘ Không | F26: =IF(SUMPRODUCT((('Hạng mục'!$A$6:$A$76=$C26)+('Hạng mục'!$A$6:$A$76=$D26))*'Hạng mục'!$T$6:$T$76)>0,"✔ Có",IF(SUMPRODUCT((('Hạng mục'!$A$6:$A$76=$C26)+('Hạng mục'!$A$6:$A$76=$D26))*'Hạng mục'!$S$6:$V$76)=0,"＋ Tùy chọn","✘ Không")) -> ✘ Không | G26: =IF(SUMPRODUCT((('Hạng mục'!$A$6:$A$76=$C26)+('Hạng mục'!$A$6:$A$76=$D26))*'Hạng mục'!$U$6:$U$76)>0,"✔ Có",IF(SUMPRODUCT((('Hạng mục'!$A$6:$A$76=$C26)+('Hạng mục'!$A$6:$A$76=$D26))*'Hạng mục'!$S$6:$V$76)=0,"＋ Tùy chọn","✘ Không")) -> ✔ Có | H26: =IF(SUMPRODUCT((('Hạng mục'!$A$6:$A$76=$C26)+('Hạng mục'!$A$6:$A$76=$D26))*'Hạng mục'!$V$6:$V$76)>0,"✔ Có",IF(SUMPRODUCT((('Hạng mục'!$A$6:$A$76=$C26)+('Hạng mục'!$A$6:$A$76=$D26))*'Hạng mục'!$S$6:$V$76)=0,"＋ Tùy chọn","✘ Không")) -> ✔ Có
A27: 21 | B27: Tài liệu hướng dẫn và đào tạo sử dụng | C27: 12.1 | D27: 12.3 | E27: =IF(SUMPRODUCT((('Hạng mục'!$A$6:$A$76=$C27)+('Hạng mục'!$A$6:$A$76=$D27))*'Hạng mục'!$S$6:$S$76)>0,"✔ Có",IF(SUMPRODUCT((('Hạng mục'!$A$6:$A$76=$C27)+('Hạng mục'!$A$6:$A$76=$D27))*'Hạng mục'!$S$6:$V$76)=0,"＋ Tùy chọn","✘ Không")) -> ✔ Có | F27: =IF(SUMPRODUCT((('Hạng mục'!$A$6:$A$76=$C27)+('Hạng mục'!$A$6:$A$76=$D27))*'Hạng mục'!$T$6:$T$76)>0,"✔ Có",IF(SUMPRODUCT((('Hạng mục'!$A$6:$A$76=$C27)+('Hạng mục'!$A$6:$A$76=$D27))*'Hạng mục'!$S$6:$V$76)=0,"＋ Tùy chọn","✘ Không")) -> ✔ Có | G27: =IF(SUMPRODUCT((('Hạng mục'!$A$6:$A$76=$C27)+('Hạng mục'!$A$6:$A$76=$D27))*'Hạng mục'!$U$6:$U$76)>0,"✔ Có",IF(SUMPRODUCT((('Hạng mục'!$A$6:$A$76=$C27)+('Hạng mục'!$A$6:$A$76=$D27))*'Hạng mục'!$S$6:$V$76)=0,"＋ Tùy chọn","✘ Không")) -> ✔ Có | H27: =IF(SUMPRODUCT((('Hạng mục'!$A$6:$A$76=$C27)+('Hạng mục'!$A$6:$A$76=$D27))*'Hạng mục'!$V$6:$V$76)>0,"✔ Có",IF(SUMPRODUCT((('Hạng mục'!$A$6:$A$76=$C27)+('Hạng mục'!$A$6:$A$76=$D27))*'Hạng mục'!$S$6:$V$76)=0,"＋ Tùy chọn","✘ Không")) -> ✔ Có
A28: 22 | B28: Chức năng theo yêu cầu riêng (khối lượng thỏa thuận) | C28: 9.7 | E28: =IF(SUMPRODUCT((('Hạng mục'!$A$6:$A$76=$C28)+('Hạng mục'!$A$6:$A$76=$D28))*'Hạng mục'!$S$6:$S$76)>0,"✔ Có",IF(SUMPRODUCT((('Hạng mục'!$A$6:$A$76=$C28)+('Hạng mục'!$A$6:$A$76=$D28))*'Hạng mục'!$S$6:$V$76)=0,"＋ Tùy chọn","✘ Không")) -> ✘ Không | F28: =IF(SUMPRODUCT((('Hạng mục'!$A$6:$A$76=$C28)+('Hạng mục'!$A$6:$A$76=$D28))*'Hạng mục'!$T$6:$T$76)>0,"✔ Có",IF(SUMPRODUCT((('Hạng mục'!$A$6:$A$76=$C28)+('Hạng mục'!$A$6:$A$76=$D28))*'Hạng mục'!$S$6:$V$76)=0,"＋ Tùy chọn","✘ Không")) -> ✘ Không | G28: =IF(SUMPRODUCT((('Hạng mục'!$A$6:$A$76=$C28)+('Hạng mục'!$A$6:$A$76=$D28))*'Hạng mục'!$U$6:$U$76)>0,"✔ Có",IF(SUMPRODUCT((('Hạng mục'!$A$6:$A$76=$C28)+('Hạng mục'!$A$6:$A$76=$D28))*'Hạng mục'!$S$6:$V$76)=0,"＋ Tùy chọn","✘ Không")) -> ✘ Không | H28: =IF(SUMPRODUCT((('Hạng mục'!$A$6:$A$76=$C28)+('Hạng mục'!$A$6:$A$76=$D28))*'Hạng mục'!$V$6:$V$76)>0,"✔ Có",IF(SUMPRODUCT((('Hạng mục'!$A$6:$A$76=$C28)+('Hạng mục'!$A$6:$A$76=$D28))*'Hạng mục'!$S$6:$V$76)=0,"＋ Tùy chọn","✘ Không")) -> ✔ Có
B30: Giá và thời gian
B31: Giá đề xuất (chưa VAT) | E31: ='Bảng giá đề xuất'!F6 -> 5000000 | F31: ='Bảng giá đề xuất'!F7 -> 12000000 | G31: ='Bảng giá đề xuất'!F8 -> 28000000 | H31: ='Bảng giá đề xuất'!F9 -> 45000000
B32: VAT | E32: =E31*'Thông số'!$B$16 -> 500000 | F32: =F31*'Thông số'!$B$16 -> 1200000 | G32: =G31*'Thông số'!$B$16 -> 2800000 | H32: =H31*'Thông số'!$B$16 -> 4500000
B33: TỔNG CỘNG (đã gồm VAT) | E33: =E31+E32 -> 5500000 | F33: =F31+F32 -> 13200000 | G33: =G31+G32 -> 30800000 | H33: =H31+H32 -> 49500000
B34: Số người tham gia | E34: 1 | F34: 1 | G34: 2 | H34: 3
B35: Thời gian dự kiến (tuần) | E35: =ROUNDUP('Bảng giá đề xuất'!H6*(1+'Thông số'!$B$14)/(E34*'Thông số'!$B$17*'Thông số'!$B$18),0) -> 1 | F35: =ROUNDUP('Bảng giá đề xuất'!H7*(1+'Thông số'!$B$14)/(F34*'Thông số'!$B$17*'Thông số'!$B$18),0) -> 2 | G35: =ROUNDUP('Bảng giá đề xuất'!H8*(1+'Thông số'!$B$14)/(G34*'Thông số'!$B$17*'Thông số'!$B$18),0) -> 2 | H35: =ROUNDUP('Bảng giá đề xuất'!H9*(1+'Thông số'!$B$14)/(H34*'Thông số'!$B$17*'Thông số'!$B$18),0) -> 3
B36: Gói vận hành hàng tháng | E36: Cơ bản | F36: Cơ bản | G36: Tiêu chuẩn | H36: Tiêu chuẩn
B37: Phí hàng tháng sau go-live (VND) | E37: =INDEX('Vận hành'!$I$24:$K$24,MATCH(E36,'Vận hành'!$I$5:$K$5,0)) -> 538333.33 | F37: =INDEX('Vận hành'!$I$24:$K$24,MATCH(F36,'Vận hành'!$I$5:$K$5,0)) -> 538333.33 | G37: =INDEX('Vận hành'!$I$24:$K$24,MATCH(G36,'Vận hành'!$I$5:$K$5,0)) -> 2653333.3 | H37: =INDEX('Vận hành'!$I$24:$K$24,MATCH(H36,'Vận hành'!$I$5:$K$5,0)) -> 2653333.3
A39: ✔ Có: đã gồm trong gói. ✘ Không: không gồm. ＋ Tùy chọn: không gồm trong cấp độ nào, báo giá thêm. Gói Cao cấp gồm khối lượng dành cho chức năng theo yêu cầu (mã 9.7), nếu vượt thì tính thêm theo đơn giá ngày công. Nâng cấp lên gói cao hơn chỉ trả phần chênh lệch.

Sheet So sánh gói
A1: BẢNG SO SÁNH CHỨC NĂNG THEO GÓI
A2: Nguyễn Phan Minh Phú · Senior Software Engineer · npmphu97@gmail.com · 0379 774 886
A4: STT | B4: Tên chức năng | C4: Mã hạng mục 1 | D4: Mã hạng mục 2 | E4: Landing page | F4: Website giới thiệu | G4: Website + CMS | H4: CRM | I4: Hệ thống quản lý | J4: Zalo Mini App
B5: Giá đề xuất (chưa VAT) | E5: ='Tổng hợp gói'!B32 -> 5000000 | F5: ='Tổng hợp gói'!C32 -> 12000000 | G5: ='Tổng hợp gói'!D32 -> 28000000 | H5: ='Tổng hợp gói'!E32 -> 85000000 | I5: ='Tổng hợp gói'!F32 -> 160000000 | J5: ='Tổng hợp gói'!G32 -> 30000000
B6: Phí hàng tháng sau go-live (gói đề xuất) | E6: ='Tổng hợp gói'!B31 -> 538333.33 | F6: ='Tổng hợp gói'!C31 -> 538333.33 | G6: ='Tổng hợp gói'!D31 -> 2653333.3 | H6: ='Tổng hợp gói'!E31 -> 2653333.3 | I6: ='Tổng hợp gói'!F31 -> 2653333.3 | J6: ='Tổng hợp gói'!G31 -> 538333.33
A7: 1 | B7: Landing page một trang, hiển thị tốt trên điện thoại | C7: 3.1 | E7: =IF(SUMPRODUCT((('Hạng mục'!$A$6:$A$76=$C7)+('Hạng mục'!$A$6:$A$76=$D7))*'Hạng mục'!$I$6:$I$76)>0,"✔ Có",IF(SUMPRODUCT((('Hạng mục'!$A$6:$A$76=$C7)+('Hạng mục'!$A$6:$A$76=$D7))*'Hạng mục'!$I$6:$N$76)=0,"＋ Tùy chọn","✘ Không")) -> ✔ Có | F7: =IF(SUMPRODUCT((('Hạng mục'!$A$6:$A$76=$C7)+('Hạng mục'!$A$6:$A$76=$D7))*'Hạng mục'!$J$6:$J$76)>0,"✔ Có",IF(SUMPRODUCT((('Hạng mục'!$A$6:$A$76=$C7)+('Hạng mục'!$A$6:$A$76=$D7))*'Hạng mục'!$I$6:$N$76)=0,"＋ Tùy chọn","✘ Không")) -> ✘ Không | G7: =IF(SUMPRODUCT((('Hạng mục'!$A$6:$A$76=$C7)+('Hạng mục'!$A$6:$A$76=$D7))*'Hạng mục'!$K$6:$K$76)>0,"✔ Có",IF(SUMPRODUCT((('Hạng mục'!$A$6:$A$76=$C7)+('Hạng mục'!$A$6:$A$76=$D7))*'Hạng mục'!$I$6:$N$76)=0,"＋ Tùy chọn","✘ Không")) -> ✘ Không | H7: =IF(SUMPRODUCT((('Hạng mục'!$A$6:$A$76=$C7)+('Hạng mục'!$A$6:$A$76=$D7))*'Hạng mục'!$L$6:$L$76)>0,"✔ Có",IF(SUMPRODUCT((('Hạng mục'!$A$6:$A$76=$C7)+('Hạng mục'!$A$6:$A$76=$D7))*'Hạng mục'!$I$6:$N$76)=0,"＋ Tùy chọn","✘ Không")) -> ✘ Không | I7: =IF(SUMPRODUCT((('Hạng mục'!$A$6:$A$76=$C7)+('Hạng mục'!$A$6:$A$76=$D7))*'Hạng mục'!$M$6:$M$76)>0,"✔ Có",IF(SUMPRODUCT((('Hạng mục'!$A$6:$A$76=$C7)+('Hạng mục'!$A$6:$A$76=$D7))*'Hạng mục'!$I$6:$N$76)=0,"＋ Tùy chọn","✘ Không")) -> ✘ Không | J7: =IF(SUMPRODUCT((('Hạng mục'!$A$6:$A$76=$C7)+('Hạng mục'!$A$6:$A$76=$D7))*'Hạng mục'!$N$6:$N$76)>0,"✔ Có",IF(SUMPRODUCT((('Hạng mục'!$A$6:$A$76=$C7)+('Hạng mục'!$A$6:$A$76=$D7))*'Hạng mục'!$I$6:$N$76)=0,"＋ Tùy chọn","✘ Không")) -> ✘ Không
A8: 2 | B8: Website nhiều trang: giới thiệu, sản phẩm/dịch vụ, tin tức | C8: 3.2 | E8: =IF(SUMPRODUCT((('Hạng mục'!$A$6:$A$76=$C8)+('Hạng mục'!$A$6:$A$76=$D8))*'Hạng mục'!$I$6:$I$76)>0,"✔ Có",IF(SUMPRODUCT((('Hạng mục'!$A$6:$A$76=$C8)+('Hạng mục'!$A$6:$A$76=$D8))*'Hạng mục'!$I$6:$N$76)=0,"＋ Tùy chọn","✘ Không")) -> ✘ Không | F8: =IF(SUMPRODUCT((('Hạng mục'!$A$6:$A$76=$C8)+('Hạng mục'!$A$6:$A$76=$D8))*'Hạng mục'!$J$6:$J$76)>0,"✔ Có",IF(SUMPRODUCT((('Hạng mục'!$A$6:$A$76=$C8)+('Hạng mục'!$A$6:$A$76=$D8))*'Hạng mục'!$I$6:$N$76)=0,"＋ Tùy chọn","✘ Không")) -> ✔ Có | G8: =IF(SUMPRODUCT((('Hạng mục'!$A$6:$A$76=$C8)+('Hạng mục'!$A$6:$A$76=$D8))*'Hạng mục'!$K$6:$K$76)>0,"✔ Có",IF(SUMPRODUCT((('Hạng mục'!$A$6:$A$76=$C8)+('Hạng mục'!$A$6:$A$76=$D8))*'Hạng mục'!$I$6:$N$76)=0,"＋ Tùy chọn","✘ Không")) -> ✔ Có | H8: =IF(SUMPRODUCT((('Hạng mục'!$A$6:$A$76=$C8)+('Hạng mục'!$A$6:$A$76=$D8))*'Hạng mục'!$L$6:$L$76)>0,"✔ Có",IF(SUMPRODUCT((('Hạng mục'!$A$6:$A$76=$C8)+('Hạng mục'!$A$6:$A$76=$D8))*'Hạng mục'!$I$6:$N$76)=0,"＋ Tùy chọn","✘ Không")) -> ✘ Không | I8: =IF(SUMPRODUCT((('Hạng mục'!$A$6:$A$76=$C8)+('Hạng mục'!$A$6:$A$76=$D8))*'Hạng mục'!$M$6:$M$76)>0,"✔ Có",IF(SUMPRODUCT((('Hạng mục'!$A$6:$A$76=$C8)+('Hạng mục'!$A$6:$A$76=$D8))*'Hạng mục'!$I$6:$N$76)=0,"＋ Tùy chọn","✘ Không")) -> ✘ Không | J8: =IF(SUMPRODUCT((('Hạng mục'!$A$6:$A$76=$C8)+('Hạng mục'!$A$6:$A$76=$D8))*'Hạng mục'!$N$6:$N$76)>0,"✔ Có",IF(SUMPRODUCT((('Hạng mục'!$A$6:$A$76=$C8)+('Hạng mục'!$A$6:$A$76=$D8))*'Hạng mục'!$I$6:$N$76)=0,"＋ Tùy chọn","✘ Không")) -> ✘ Không
A9: 3 | B9: Thiết kế theo bộ nhận diện thương hiệu | C9: 2.1 | E9: =IF(SUMPRODUCT((('Hạng mục'!$A$6:$A$76=$C9)+('Hạng mục'!$A$6:$A$76=$D9))*'Hạng mục'!$I$6:$I$76)>0,"✔ Có",IF(SUMPRODUCT((('Hạng mục'!$A$6:$A$76=$C9)+('Hạng mục'!$A$6:$A$76=$D9))*'Hạng mục'!$I$6:$N$76)=0,"＋ Tùy chọn","✘ Không")) -> ✔ Có | F9: =IF(SUMPRODUCT((('Hạng mục'!$A$6:$A$76=$C9)+('Hạng mục'!$A$6:$A$76=$D9))*'Hạng mục'!$J$6:$J$76)>0,"✔ Có",IF(SUMPRODUCT((('Hạng mục'!$A$6:$A$76=$C9)+('Hạng mục'!$A$6:$A$76=$D9))*'Hạng mục'!$I$6:$N$76)=0,"＋ Tùy chọn","✘ Không")) -> ✔ Có | G9: =IF(SUMPRODUCT((('Hạng mục'!$A$6:$A$76=$C9)+('Hạng mục'!$A$6:$A$76=$D9))*'Hạng mục'!$K$6:$K$76)>0,"✔ Có",IF(SUMPRODUCT((('Hạng mục'!$A$6:$A$76=$C9)+('Hạng mục'!$A$6:$A$76=$D9))*'Hạng mục'!$I$6:$N$76)=0,"＋ Tùy chọn","✘ Không")) -> ✔ Có | H9: =IF(SUMPRODUCT((('Hạng mục'!$A$6:$A$76=$C9)+('Hạng mục'!$A$6:$A$76=$D9))*'Hạng mục'!$L$6:$L$76)>0,"✔ Có",IF(SUMPRODUCT((('Hạng mục'!$A$6:$A$76=$C9)+('Hạng mục'!$A$6:$A$76=$D9))*'Hạng mục'!$I$6:$N$76)=0,"＋ Tùy chọn","✘ Không")) -> ✔ Có | I9: =IF(SUMPRODUCT((('Hạng mục'!$A$6:$A$76=$C9)+('Hạng mục'!$A$6:$A$76=$D9))*'Hạng mục'!$M$6:$M$76)>0,"✔ Có",IF(SUMPRODUCT((('Hạng mục'!$A$6:$A$76=$C9)+('Hạng mục'!$A$6:$A$76=$D9))*'Hạng mục'!$I$6:$N$76)=0,"＋ Tùy chọn","✘ Không")) -> ✔ Có | J9: =IF(SUMPRODUCT((('Hạng mục'!$A$6:$A$76=$C9)+('Hạng mục'!$A$6:$A$76=$D9))*'Hạng mục'!$N$6:$N$76)>0,"✔ Có",IF(SUMPRODUCT((('Hạng mục'!$A$6:$A$76=$C9)+('Hạng mục'!$A$6:$A$76=$D9))*'Hạng mục'!$I$6:$N$76)=0,"＋ Tùy chọn","✘ Không")) -> ✔ Có
A10: 4 | B10: Tối ưu tốc độ và SEO kỹ thuật | C10: 3.3 | E10: =IF(SUMPRODUCT((('Hạng mục'!$A$6:$A$76=$C10)+('Hạng mục'!$A$6:$A$76=$D10))*'Hạng mục'!$I$6:$I$76)>0,"✔ Có",IF(SUMPRODUCT((('Hạng mục'!$A$6:$A$76=$C10)+('Hạng mục'!$A$6:$A$76=$D10))*'Hạng mục'!$I$6:$N$76)=0,"＋ Tùy chọn","✘ Không")) -> ✔ Có | F10: =IF(SUMPRODUCT((('Hạng mục'!$A$6:$A$76=$C10)+('Hạng mục'!$A$6:$A$76=$D10))*'Hạng mục'!$J$6:$J$76)>0,"✔ Có",IF(SUMPRODUCT((('Hạng mục'!$A$6:$A$76=$C10)+('Hạng mục'!$A$6:$A$76=$D10))*'Hạng mục'!$I$6:$N$76)=0,"＋ Tùy chọn","✘ Không")) -> ✔ Có | G10: =IF(SUMPRODUCT((('Hạng mục'!$A$6:$A$76=$C10)+('Hạng mục'!$A$6:$A$76=$D10))*'Hạng mục'!$K$6:$K$76)>0,"✔ Có",IF(SUMPRODUCT((('Hạng mục'!$A$6:$A$76=$C10)+('Hạng mục'!$A$6:$A$76=$D10))*'Hạng mục'!$I$6:$N$76)=0,"＋ Tùy chọn","✘ Không")) -> ✔ Có | H10: =IF(SUMPRODUCT((('Hạng mục'!$A$6:$A$76=$C10)+('Hạng mục'!$A$6:$A$76=$D10))*'Hạng mục'!$L$6:$L$76)>0,"✔ Có",IF(SUMPRODUCT((('Hạng mục'!$A$6:$A$76=$C10)+('Hạng mục'!$A$6:$A$76=$D10))*'Hạng mục'!$I$6:$N$76)=0,"＋ Tùy chọn","✘ Không")) -> ✘ Không | I10: =IF(SUMPRODUCT((('Hạng mục'!$A$6:$A$76=$C10)+('Hạng mục'!$A$6:$A$76=$D10))*'Hạng mục'!$M$6:$M$76)>0,"✔ Có",IF(SUMPRODUCT((('Hạng mục'!$A$6:$A$76=$C10)+('Hạng mục'!$A$6:$A$76=$D10))*'Hạng mục'!$I$6:$N$76)=0,"＋ Tùy chọn","✘ Không")) -> ✘ Không | J10: =IF(SUMPRODUCT((('Hạng mục'!$A$6:$A$76=$C10)+('Hạng mục'!$A$6:$A$76=$D10))*'Hạng mục'!$N$6:$N$76)>0,"✔ Có",IF(SUMPRODUCT((('Hạng mục'!$A$6:$A$76=$C10)+('Hạng mục'!$A$6:$A$76=$D10))*'Hạng mục'!$I$6:$N$76)=0,"＋ Tùy chọn","✘ Không")) -> ✘ Không
A11: 5 | B11: Form liên hệ, thư gửi về email | C11: 3.4 | E11: =IF(SUMPRODUCT((('Hạng mục'!$A$6:$A$76=$C11)+('Hạng mục'!$A$6:$A$76=$D11))*'Hạng mục'!$I$6:$I$76)>0,"✔ Có",IF(SUMPRODUCT((('Hạng mục'!$A$6:$A$76=$C11)+('Hạng mục'!$A$6:$A$76=$D11))*'Hạng mục'!$I$6:$N$76)=0,"＋ Tùy chọn","✘ Không")) -> ✔ Có | F11: =IF(SUMPRODUCT((('Hạng mục'!$A$6:$A$76=$C11)+('Hạng mục'!$A$6:$A$76=$D11))*'Hạng mục'!$J$6:$J$76)>0,"✔ Có",IF(SUMPRODUCT((('Hạng mục'!$A$6:$A$76=$C11)+('Hạng mục'!$A$6:$A$76=$D11))*'Hạng mục'!$I$6:$N$76)=0,"＋ Tùy chọn","✘ Không")) -> ✔ Có | G11: =IF(SUMPRODUCT((('Hạng mục'!$A$6:$A$76=$C11)+('Hạng mục'!$A$6:$A$76=$D11))*'Hạng mục'!$K$6:$K$76)>0,"✔ Có",IF(SUMPRODUCT((('Hạng mục'!$A$6:$A$76=$C11)+('Hạng mục'!$A$6:$A$76=$D11))*'Hạng mục'!$I$6:$N$76)=0,"＋ Tùy chọn","✘ Không")) -> ✔ Có | H11: =IF(SUMPRODUCT((('Hạng mục'!$A$6:$A$76=$C11)+('Hạng mục'!$A$6:$A$76=$D11))*'Hạng mục'!$L$6:$L$76)>0,"✔ Có",IF(SUMPRODUCT((('Hạng mục'!$A$6:$A$76=$C11)+('Hạng mục'!$A$6:$A$76=$D11))*'Hạng mục'!$I$6:$N$76)=0,"＋ Tùy chọn","✘ Không")) -> ✔ Có | I11: =IF(SUMPRODUCT((('Hạng mục'!$A$6:$A$76=$C11)+('Hạng mục'!$A$6:$A$76=$D11))*'Hạng mục'!$M$6:$M$76)>0,"✔ Có",IF(SUMPRODUCT((('Hạng mục'!$A$6:$A$76=$C11)+('Hạng mục'!$A$6:$A$76=$D11))*'Hạng mục'!$I$6:$N$76)=0,"＋ Tùy chọn","✘ Không")) -> ✘ Không | J11: =IF(SUMPRODUCT((('Hạng mục'!$A$6:$A$76=$C11)+('Hạng mục'!$A$6:$A$76=$D11))*'Hạng mục'!$N$6:$N$76)>0,"✔ Có",IF(SUMPRODUCT((('Hạng mục'!$A$6:$A$76=$C11)+('Hạng mục'!$A$6:$A$76=$D11))*'Hạng mục'!$I$6:$N$76)=0,"＋ Tùy chọn","✘ Không")) -> ✘ Không
A12: 6 | B12: Theo dõi truy cập (Analytics, Pixel) | C12: 9.2 | E12: =IF(SUMPRODUCT((('Hạng mục'!$A$6:$A$76=$C12)+('Hạng mục'!$A$6:$A$76=$D12))*'Hạng mục'!$I$6:$I$76)>0,"✔ Có",IF(SUMPRODUCT((('Hạng mục'!$A$6:$A$76=$C12)+('Hạng mục'!$A$6:$A$76=$D12))*'Hạng mục'!$I$6:$N$76)=0,"＋ Tùy chọn","✘ Không")) -> ✔ Có | F12: =IF(SUMPRODUCT((('Hạng mục'!$A$6:$A$76=$C12)+('Hạng mục'!$A$6:$A$76=$D12))*'Hạng mục'!$J$6:$J$76)>0,"✔ Có",IF(SUMPRODUCT((('Hạng mục'!$A$6:$A$76=$C12)+('Hạng mục'!$A$6:$A$76=$D12))*'Hạng mục'!$I$6:$N$76)=0,"＋ Tùy chọn","✘ Không")) -> ✔ Có | G12: =IF(SUMPRODUCT((('Hạng mục'!$A$6:$A$76=$C12)+('Hạng mục'!$A$6:$A$76=$D12))*'Hạng mục'!$K$6:$K$76)>0,"✔ Có",IF(SUMPRODUCT((('Hạng mục'!$A$6:$A$76=$C12)+('Hạng mục'!$A$6:$A$76=$D12))*'Hạng mục'!$I$6:$N$76)=0,"＋ Tùy chọn","✘ Không")) -> ✔ Có | H12: =IF(SUMPRODUCT((('Hạng mục'!$A$6:$A$76=$C12)+('Hạng mục'!$A$6:$A$76=$D12))*'Hạng mục'!$L$6:$L$76)>0,"✔ Có",IF(SUMPRODUCT((('Hạng mục'!$A$6:$A$76=$C12)+('Hạng mục'!$A$6:$A$76=$D12))*'Hạng mục'!$I$6:$N$76)=0,"＋ Tùy chọn","✘ Không")) -> ✘ Không | I12: =IF(SUMPRODUCT((('Hạng mục'!$A$6:$A$76=$C12)+('Hạng mục'!$A$6:$A$76=$D12))*'Hạng mục'!$M$6:$M$76)>0,"✔ Có",IF(SUMPRODUCT((('Hạng mục'!$A$6:$A$76=$C12)+('Hạng mục'!$A$6:$A$76=$D12))*'Hạng mục'!$I$6:$N$76)=0,"＋ Tùy chọn","✘ Không")) -> ✘ Không | J12: =IF(SUMPRODUCT((('Hạng mục'!$A$6:$A$76=$C12)+('Hạng mục'!$A$6:$A$76=$D12))*'Hạng mục'!$N$6:$N$76)>0,"✔ Có",IF(SUMPRODUCT((('Hạng mục'!$A$6:$A$76=$C12)+('Hạng mục'!$A$6:$A$76=$D12))*'Hạng mục'!$I$6:$N$76)=0,"＋ Tùy chọn","✘ Không")) -> ✘ Không
A13: 7 | B13: Tự cập nhật bài viết và trang (CMS) | C13: 5.1 | E13: =IF(SUMPRODUCT((('Hạng mục'!$A$6:$A$76=$C13)+('Hạng mục'!$A$6:$A$76=$D13))*'Hạng mục'!$I$6:$I$76)>0,"✔ Có",IF(SUMPRODUCT((('Hạng mục'!$A$6:$A$76=$C13)+('Hạng mục'!$A$6:$A$76=$D13))*'Hạng mục'!$I$6:$N$76)=0,"＋ Tùy chọn","✘ Không")) -> ✘ Không | F13: =IF(SUMPRODUCT((('Hạng mục'!$A$6:$A$76=$C13)+('Hạng mục'!$A$6:$A$76=$D13))*'Hạng mục'!$J$6:$J$76)>0,"✔ Có",IF(SUMPRODUCT((('Hạng mục'!$A$6:$A$76=$C13)+('Hạng mục'!$A$6:$A$76=$D13))*'Hạng mục'!$I$6:$N$76)=0,"＋ Tùy chọn","✘ Không")) -> ✘ Không | G13: =IF(SUMPRODUCT((('Hạng mục'!$A$6:$A$76=$C13)+('Hạng mục'!$A$6:$A$76=$D13))*'Hạng mục'!$K$6:$K$76)>0,"✔ Có",IF(SUMPRODUCT((('Hạng mục'!$A$6:$A$76=$C13)+('Hạng mục'!$A$6:$A$76=$D13))*'Hạng mục'!$I$6:$N$76)=0,"＋ Tùy chọn","✘ Không")) -> ✔ Có | H13: =IF(SUMPRODUCT((('Hạng mục'!$A$6:$A$76=$C13)+('Hạng mục'!$A$6:$A$76=$D13))*'Hạng mục'!$L$6:$L$76)>0,"✔ Có",IF(SUMPRODUCT((('Hạng mục'!$A$6:$A$76=$C13)+('Hạng mục'!$A$6:$A$76=$D13))*'Hạng mục'!$I$6:$N$76)=0,"＋ Tùy chọn","✘ Không")) -> ✘ Không | I13: =IF(SUMPRODUCT((('Hạng mục'!$A$6:$A$76=$C13)+('Hạng mục'!$A$6:$A$76=$D13))*'Hạng mục'!$M$6:$M$76)>0,"✔ Có",IF(SUMPRODUCT((('Hạng mục'!$A$6:$A$76=$C13)+('Hạng mục'!$A$6:$A$76=$D13))*'Hạng mục'!$I$6:$N$76)=0,"＋ Tùy chọn","✘ Không")) -> ✘ Không | J13: =IF(SUMPRODUCT((('Hạng mục'!$A$6:$A$76=$C13)+('Hạng mục'!$A$6:$A$76=$D13))*'Hạng mục'!$N$6:$N$76)>0,"✔ Có",IF(SUMPRODUCT((('Hạng mục'!$A$6:$A$76=$C13)+('Hạng mục'!$A$6:$A$76=$D13))*'Hạng mục'!$I$6:$N$76)=0,"＋ Tùy chọn","✘ Không")) -> ✘ Không
A14: 8 | B14: Thư viện ảnh, video | C14: 5.2 | E14: =IF(SUMPRODUCT((('Hạng mục'!$A$6:$A$76=$C14)+('Hạng mục'!$A$6:$A$76=$D14))*'Hạng mục'!$I$6:$I$76)>0,"✔ Có",IF(SUMPRODUCT((('Hạng mục'!$A$6:$A$76=$C14)+('Hạng mục'!$A$6:$A$76=$D14))*'Hạng mục'!$I$6:$N$76)=0,"＋ Tùy chọn","✘ Không")) -> ✘ Không | F14: =IF(SUMPRODUCT((('Hạng mục'!$A$6:$A$76=$C14)+('Hạng mục'!$A$6:$A$76=$D14))*'Hạng mục'!$J$6:$J$76)>0,"✔ Có",IF(SUMPRODUCT((('Hạng mục'!$A$6:$A$76=$C14)+('Hạng mục'!$A$6:$A$76=$D14))*'Hạng mục'!$I$6:$N$76)=0,"＋ Tùy chọn","✘ Không")) -> ✘ Không | G14: =IF(SUMPRODUCT((('Hạng mục'!$A$6:$A$76=$C14)+('Hạng mục'!$A$6:$A$76=$D14))*'Hạng mục'!$K$6:$K$76)>0,"✔ Có",IF(SUMPRODUCT((('Hạng mục'!$A$6:$A$76=$C14)+('Hạng mục'!$A$6:$A$76=$D14))*'Hạng mục'!$I$6:$N$76)=0,"＋ Tùy chọn","✘ Không")) -> ✔ Có | H14: =IF(SUMPRODUCT((('Hạng mục'!$A$6:$A$76=$C14)+('Hạng mục'!$A$6:$A$76=$D14))*'Hạng mục'!$L$6:$L$76)>0,"✔ Có",IF(SUMPRODUCT((('Hạng mục'!$A$6:$A$76=$C14)+('Hạng mục'!$A$6:$A$76=$D14))*'Hạng mục'!$I$6:$N$76)=0,"＋ Tùy chọn","✘ Không")) -> ✘ Không | I14: =IF(SUMPRODUCT((('Hạng mục'!$A$6:$A$76=$C14)+('Hạng mục'!$A$6:$A$76=$D14))*'Hạng mục'!$M$6:$M$76)>0,"✔ Có",IF(SUMPRODUCT((('Hạng mục'!$A$6:$A$76=$C14)+('Hạng mục'!$A$6:$A$76=$D14))*'Hạng mục'!$I$6:$N$76)=0,"＋ Tùy chọn","✘ Không")) -> ✘ Không | J14: =IF(SUMPRODUCT((('Hạng mục'!$A$6:$A$76=$C14)+('Hạng mục'!$A$6:$A$76=$D14))*'Hạng mục'!$N$6:$N$76)>0,"✔ Có",IF(SUMPRODUCT((('Hạng mục'!$A$6:$A$76=$C14)+('Hạng mục'!$A$6:$A$76=$D14))*'Hạng mục'!$I$6:$N$76)=0,"＋ Tùy chọn","✘ Không")) -> ✘ Không
A15: 9 | B15: Quản lý menu, banner, SEO từng trang | C15: 5.3 | E15: =IF(SUMPRODUCT((('Hạng mục'!$A$6:$A$76=$C15)+('Hạng mục'!$A$6:$A$76=$D15))*'Hạng mục'!$I$6:$I$76)>0,"✔ Có",IF(SUMPRODUCT((('Hạng mục'!$A$6:$A$76=$C15)+('Hạng mục'!$A$6:$A$76=$D15))*'Hạng mục'!$I$6:$N$76)=0,"＋ Tùy chọn","✘ Không")) -> ✘ Không | F15: =IF(SUMPRODUCT((('Hạng mục'!$A$6:$A$76=$C15)+('Hạng mục'!$A$6:$A$76=$D15))*'Hạng mục'!$J$6:$J$76)>0,"✔ Có",IF(SUMPRODUCT((('Hạng mục'!$A$6:$A$76=$C15)+('Hạng mục'!$A$6:$A$76=$D15))*'Hạng mục'!$I$6:$N$76)=0,"＋ Tùy chọn","✘ Không")) -> ✘ Không | G15: =IF(SUMPRODUCT((('Hạng mục'!$A$6:$A$76=$C15)+('Hạng mục'!$A$6:$A$76=$D15))*'Hạng mục'!$K$6:$K$76)>0,"✔ Có",IF(SUMPRODUCT((('Hạng mục'!$A$6:$A$76=$C15)+('Hạng mục'!$A$6:$A$76=$D15))*'Hạng mục'!$I$6:$N$76)=0,"＋ Tùy chọn","✘ Không")) -> ✔ Có | H15: =IF(SUMPRODUCT((('Hạng mục'!$A$6:$A$76=$C15)+('Hạng mục'!$A$6:$A$76=$D15))*'Hạng mục'!$L$6:$L$76)>0,"✔ Có",IF(SUMPRODUCT((('Hạng mục'!$A$6:$A$76=$C15)+('Hạng mục'!$A$6:$A$76=$D15))*'Hạng mục'!$I$6:$N$76)=0,"＋ Tùy chọn","✘ Không")) -> ✘ Không | I15: =IF(SUMPRODUCT((('Hạng mục'!$A$6:$A$76=$C15)+('Hạng mục'!$A$6:$A$76=$D15))*'Hạng mục'!$M$6:$M$76)>0,"✔ Có",IF(SUMPRODUCT((('Hạng mục'!$A$6:$A$76=$C15)+('Hạng mục'!$A$6:$A$76=$D15))*'Hạng mục'!$I$6:$N$76)=0,"＋ Tùy chọn","✘ Không")) -> ✘ Không | J15: =IF(SUMPRODUCT((('Hạng mục'!$A$6:$A$76=$C15)+('Hạng mục'!$A$6:$A$76=$D15))*'Hạng mục'!$N$6:$N$76)>0,"✔ Có",IF(SUMPRODUCT((('Hạng mục'!$A$6:$A$76=$C15)+('Hạng mục'!$A$6:$A$76=$D15))*'Hạng mục'!$I$6:$N$76)=0,"＋ Tùy chọn","✘ Không")) -> ✘ Không
A16: 10 | B16: Đăng bài theo lịch, khôi phục phiên bản cũ | C16: 5.4 | E16: =IF(SUMPRODUCT((('Hạng mục'!$A$6:$A$76=$C16)+('Hạng mục'!$A$6:$A$76=$D16))*'Hạng mục'!$I$6:$I$76)>0,"✔ Có",IF(SUMPRODUCT((('Hạng mục'!$A$6:$A$76=$C16)+('Hạng mục'!$A$6:$A$76=$D16))*'Hạng mục'!$I$6:$N$76)=0,"＋ Tùy chọn","✘ Không")) -> ✘ Không | F16: =IF(SUMPRODUCT((('Hạng mục'!$A$6:$A$76=$C16)+('Hạng mục'!$A$6:$A$76=$D16))*'Hạng mục'!$J$6:$J$76)>0,"✔ Có",IF(SUMPRODUCT((('Hạng mục'!$A$6:$A$76=$C16)+('Hạng mục'!$A$6:$A$76=$D16))*'Hạng mục'!$I$6:$N$76)=0,"＋ Tùy chọn","✘ Không")) -> ✘ Không | G16: =IF(SUMPRODUCT((('Hạng mục'!$A$6:$A$76=$C16)+('Hạng mục'!$A$6:$A$76=$D16))*'Hạng mục'!$K$6:$K$76)>0,"✔ Có",IF(SUMPRODUCT((('Hạng mục'!$A$6:$A$76=$C16)+('Hạng mục'!$A$6:$A$76=$D16))*'Hạng mục'!$I$6:$N$76)=0,"＋ Tùy chọn","✘ Không")) -> ✔ Có | H16: =IF(SUMPRODUCT((('Hạng mục'!$A$6:$A$76=$C16)+('Hạng mục'!$A$6:$A$76=$D16))*'Hạng mục'!$L$6:$L$76)>0,"✔ Có",IF(SUMPRODUCT((('Hạng mục'!$A$6:$A$76=$C16)+('Hạng mục'!$A$6:$A$76=$D16))*'Hạng mục'!$I$6:$N$76)=0,"＋ Tùy chọn","✘ Không")) -> ✘ Không | I16: =IF(SUMPRODUCT((('Hạng mục'!$A$6:$A$76=$C16)+('Hạng mục'!$A$6:$A$76=$D16))*'Hạng mục'!$M$6:$M$76)>0,"✔ Có",IF(SUMPRODUCT((('Hạng mục'!$A$6:$A$76=$C16)+('Hạng mục'!$A$6:$A$76=$D16))*'Hạng mục'!$I$6:$N$76)=0,"＋ Tùy chọn","✘ Không")) -> ✘ Không | J16: =IF(SUMPRODUCT((('Hạng mục'!$A$6:$A$76=$C16)+('Hạng mục'!$A$6:$A$76=$D16))*'Hạng mục'!$N$6:$N$76)>0,"✔ Có",IF(SUMPRODUCT((('Hạng mục'!$A$6:$A$76=$C16)+('Hạng mục'!$A$6:$A$76=$D16))*'Hạng mục'!$I$6:$N$76)=0,"＋ Tùy chọn","✘ Không")) -> ✘ Không
A17: 11 | B17: Trang quản trị, đăng nhập, phân quyền theo vai trò | C17: 4.2 | E17: =IF(SUMPRODUCT((('Hạng mục'!$A$6:$A$76=$C17)+('Hạng mục'!$A$6:$A$76=$D17))*'Hạng mục'!$I$6:$I$76)>0,"✔ Có",IF(SUMPRODUCT((('Hạng mục'!$A$6:$A$76=$C17)+('Hạng mục'!$A$6:$A$76=$D17))*'Hạng mục'!$I$6:$N$76)=0,"＋ Tùy chọn","✘ Không")) -> ✘ Không | F17: =IF(SUMPRODUCT((('Hạng mục'!$A$6:$A$76=$C17)+('Hạng mục'!$A$6:$A$76=$D17))*'Hạng mục'!$J$6:$J$76)>0,"✔ Có",IF(SUMPRODUCT((('Hạng mục'!$A$6:$A$76=$C17)+('Hạng mục'!$A$6:$A$76=$D17))*'Hạng mục'!$I$6:$N$76)=0,"＋ Tùy chọn","✘ Không")) -> ✘ Không | G17: =IF(SUMPRODUCT((('Hạng mục'!$A$6:$A$76=$C17)+('Hạng mục'!$A$6:$A$76=$D17))*'Hạng mục'!$K$6:$K$76)>0,"✔ Có",IF(SUMPRODUCT((('Hạng mục'!$A$6:$A$76=$C17)+('Hạng mục'!$A$6:$A$76=$D17))*'Hạng mục'!$I$6:$N$76)=0,"＋ Tùy chọn","✘ Không")) -> ✔ Có | H17: =IF(SUMPRODUCT((('Hạng mục'!$A$6:$A$76=$C17)+('Hạng mục'!$A$6:$A$76=$D17))*'Hạng mục'!$L$6:$L$76)>0,"✔ Có",IF(SUMPRODUCT((('Hạng mục'!$A$6:$A$76=$C17)+('Hạng mục'!$A$6:$A$76=$D17))*'Hạng mục'!$I$6:$N$76)=0,"＋ Tùy chọn","✘ Không")) -> ✔ Có | I17: =IF(SUMPRODUCT((('Hạng mục'!$A$6:$A$76=$C17)+('Hạng mục'!$A$6:$A$76=$D17))*'Hạng mục'!$M$6:$M$76)>0,"✔ Có",IF(SUMPRODUCT((('Hạng mục'!$A$6:$A$76=$C17)+('Hạng mục'!$A$6:$A$76=$D17))*'Hạng mục'!$I$6:$N$76)=0,"＋ Tùy chọn","✘ Không")) -> ✔ Có | J17: =IF(SUMPRODUCT((('Hạng mục'!$A$6:$A$76=$C17)+('Hạng mục'!$A$6:$A$76=$D17))*'Hạng mục'!$N$6:$N$76)>0,"✔ Có",IF(SUMPRODUCT((('Hạng mục'!$A$6:$A$76=$C17)+('Hạng mục'!$A$6:$A$76=$D17))*'Hạng mục'!$I$6:$N$76)=0,"＋ Tùy chọn","✘ Không")) -> ✘ Không
A18: 12 | B18: Quản lý khách hàng và liên hệ | C18: 6.1 | E18: =IF(SUMPRODUCT((('Hạng mục'!$A$6:$A$76=$C18)+('Hạng mục'!$A$6:$A$76=$D18))*'Hạng mục'!$I$6:$I$76)>0,"✔ Có",IF(SUMPRODUCT((('Hạng mục'!$A$6:$A$76=$C18)+('Hạng mục'!$A$6:$A$76=$D18))*'Hạng mục'!$I$6:$N$76)=0,"＋ Tùy chọn","✘ Không")) -> ✘ Không | F18: =IF(SUMPRODUCT((('Hạng mục'!$A$6:$A$76=$C18)+('Hạng mục'!$A$6:$A$76=$D18))*'Hạng mục'!$J$6:$J$76)>0,"✔ Có",IF(SUMPRODUCT((('Hạng mục'!$A$6:$A$76=$C18)+('Hạng mục'!$A$6:$A$76=$D18))*'Hạng mục'!$I$6:$N$76)=0,"＋ Tùy chọn","✘ Không")) -> ✘ Không | G18: =IF(SUMPRODUCT((('Hạng mục'!$A$6:$A$76=$C18)+('Hạng mục'!$A$6:$A$76=$D18))*'Hạng mục'!$K$6:$K$76)>0,"✔ Có",IF(SUMPRODUCT((('Hạng mục'!$A$6:$A$76=$C18)+('Hạng mục'!$A$6:$A$76=$D18))*'Hạng mục'!$I$6:$N$76)=0,"＋ Tùy chọn","✘ Không")) -> ✘ Không | H18: =IF(SUMPRODUCT((('Hạng mục'!$A$6:$A$76=$C18)+('Hạng mục'!$A$6:$A$76=$D18))*'Hạng mục'!$L$6:$L$76)>0,"✔ Có",IF(SUMPRODUCT((('Hạng mục'!$A$6:$A$76=$C18)+('Hạng mục'!$A$6:$A$76=$D18))*'Hạng mục'!$I$6:$N$76)=0,"＋ Tùy chọn","✘ Không")) -> ✔ Có | I18: =IF(SUMPRODUCT((('Hạng mục'!$A$6:$A$76=$C18)+('Hạng mục'!$A$6:$A$76=$D18))*'Hạng mục'!$M$6:$M$76)>0,"✔ Có",IF(SUMPRODUCT((('Hạng mục'!$A$6:$A$76=$C18)+('Hạng mục'!$A$6:$A$76=$D18))*'Hạng mục'!$I$6:$N$76)=0,"＋ Tùy chọn","✘ Không")) -> ✘ Không | J18: =IF(SUMPRODUCT((('Hạng mục'!$A$6:$A$76=$C18)+('Hạng mục'!$A$6:$A$76=$D18))*'Hạng mục'!$N$6:$N$76)>0,"✔ Có",IF(SUMPRODUCT((('Hạng mục'!$A$6:$A$76=$C18)+('Hạng mục'!$A$6:$A$76=$D18))*'Hạng mục'!$I$6:$N$76)=0,"＋ Tùy chọn","✘ Không")) -> ✘ Không
... A20: 14 | B20: Báo giá, hợp đồng mẫu xuất PDF | C20: 6.4 | E20: =IF(SUMPRODUCT((('Hạng mục'!$A$6:$A$76=$C20)+('Hạng mục'!$A$6:$A$76=$D20))*'Hạng mục'!$I$6:$I$76)>0,"✔ Có",IF(SUMPRODUCT((('Hạng mục'!$A$6:$A$76=$C20)+('Hạng mục'!$A$6:$A$76=$D20))*'Hạng mục'!$I$6:$N$76)=0,"＋ Tùy chọn","✘ Không")) -> ✘ Không | F20: =IF(SUMPRODUCT((('Hạng mục'!$A$6:$A$76=$C20)+('Hạng mục'!$A$6:$A$76=$D20))*'Hạng mục'!$J$6:$J$76)>0,"✔ Có",IF(SUMPRODUCT((('Hạng mục'!$A$6:$A$76=$C20)+('Hạng mục'!$A$6:$A$76=$D20))*'Hạng mục'!$I$6:$N$76)=0,"＋ Tùy chọn","✘ Không")) -> ✘ Không | G20: =IF(SUMPRODUCT((('Hạng mục'!$A$6:$A$76=$C20)+('Hạng mục'!$A$6:$A$76=$D20))*'Hạng mục'!$K$6:$K$76)>0,"✔ Có",IF(SUMPRODUCT((('Hạng mục'!$A$6:$A$76=$C20)+('Hạng mục'!$A$6:$A$76=$D20))*'Hạng mục'!$I$6:$N$76)=0,"＋ Tùy chọn","✘ Không")) -> ✘ Không | H20: =IF(SUMPRODUCT((('Hạng mục'!$A$6:$A$76=$C20)+('Hạng mục'!$A$6:$A$76=$D20))*'Hạng mục'!$L$6:$L$76)>0,"✔ Có",IF(SUMPRODUCT((('Hạng mục'!$A$6:$A$76=$C20)+('Hạng mục'!$A$6:$A$76=$D20))*'Hạng mục'!$I$6:$N$76)=0,"＋ Tùy chọn","✘ Không")) -> ✔ Có | I20: =IF(SUMPRODUCT((('Hạng mục'!$A$6:$A$76=$C20)+('Hạng mục'!$A$6:$A$76=$D20))*'Hạng mục'!$M$6:$M$76)>0,"✔ Có",IF(SUMPRODUCT((('Hạng mục'!$A$6:$A$76=$C20)+('Hạng mục'!$A$6:$A$76=$D20))*'Hạng mục'!$I$6:$N$76)=0,"＋ Tùy chọn","✘ Không")) -> ✘ Không | J20: =IF(SUMPRODUCT((('Hạng mục'!$A$6:$A$76=$C20)+('Hạng mục'!$A$6:$A$76=$D20))*'Hạng mục'!$N$6:$N$76)>0,"✔ Có",IF(SUMPRODUCT((('Hạng mục'!$A$6:$A$76=$C20)+('Hạng mục'!$A$6:$A$76=$D20))*'Hạng mục'!$I$6:$N$76)=0,"＋ Tùy chọn","✘ Không")) -> ✘ Không
A21: 15 | B21: Dashboard và báo cáo tổng quan | C21: 7.8 | D21: 6.5 | E21: =IF(SUMPRODUCT((('Hạng mục'!$A$6:$A$76=$C21)+('Hạng mục'!$A$6:$A$76=$D21))*'Hạng mục'!$I$6:$I$76)>0,"✔ Có",IF(SUMPRODUCT((('Hạng mục'!$A$6:$A$76=$C21)+('Hạng mục'!$A$6:$A$76=$D21))*'Hạng mục'!$I$6:$N$76)=0,"＋ Tùy chọn","✘ Không")) -> ✘ Không | F21: =IF(SUMPRODUCT((('Hạng mục'!$A$6:$A$76=$C21)+('Hạng mục'!$A$6:$A$76=$D21))*'Hạng mục'!$J$6:$J$76)>0,"✔ Có",IF(SUMPRODUCT((('Hạng mục'!$A$6:$A$76=$C21)+('Hạng mục'!$A$6:$A$76=$D21))*'Hạng mục'!$I$6:$N$76)=0,"＋ Tùy chọn","✘ Không")) -> ✘ Không | G21: =IF(SUMPRODUCT((('Hạng mục'!$A$6:$A$76=$C21)+('Hạng mục'!$A$6:$A$76=$D21))*'Hạng mục'!$K$6:$K$76)>0,"✔ Có",IF(SUMPRODUCT((('Hạng mục'!$A$6:$A$76=$C21)+('Hạng mục'!$A$6:$A$76=$D21))*'Hạng mục'!$I$6:$N$76)=0,"＋ Tùy chọn","✘ Không")) -> ✘ Không | H21: =IF(SUMPRODUCT((('Hạng mục'!$A$6:$A$76=$C21)+('Hạng mục'!$A$6:$A$76=$D21))*'Hạng mục'!$L$6:$L$76)>0,"✔ Có",IF(SUMPRODUCT((('Hạng mục'!$A$6:$A$76=$C21)+('Hạng mục'!$A$6:$A$76=$D21))*'Hạng mục'!$I$6:$N$76)=0,"＋ Tùy chọn","✘ Không")) -> ✔ Có | I21: =IF(SUMPRODUCT((('Hạng mục'!$A$6:$A$76=$C21)+('Hạng mục'!$A$6:$A$76=$D21))*'Hạng mục'!$M$6:$M$76)>0,"✔ Có",IF(SUMPRODUCT((('Hạng mục'!$A$6:$A$76=$C21)+('Hạng mục'!$A$6:$A$76=$D21))*'Hạng mục'!$I$6:$N$76)=0,"＋ Tùy chọn","✘ Không")) -> ✔ Có | J21: =IF(SUMPRODUCT((('Hạng mục'!$A$6:$A$76=$C21)+('Hạng mục'!$A$6:$A$76=$D21))*'Hạng mục'!$N$6:$N$76)>0,"✔ Có",IF(SUMPRODUCT((('Hạng mục'!$A$6:$A$76=$C21)+('Hạng mục'!$A$6:$A$76=$D21))*'Hạng mục'!$I$6:$N$76)=0,"＋ Tùy chọn","✘ Không")) -> ✘ Không
A22: 16 | B22: Nhập và xuất Excel | C22: 4.6 | E22: =IF(SUMPRODUCT((('Hạng mục'!$A$6:$A$76=$C22)+('Hạng mục'!$A$6:$A$76=$D22))*'Hạng mục'!$I$6:$I$76)>0,"✔ Có",IF(SUMPRODUCT((('Hạng mục'!$A$6:$A$76=$C22)+('Hạng mục'!$A$6:$A$76=$D22))*'Hạng mục'!$I$6:$N$76)=0,"＋ Tùy chọn","✘ Không")) -> ✘ Không | F22: =IF(SUMPRODUCT((('Hạng mục'!$A$6:$A$76=$C22)+('Hạng mục'!$A$6:$A$76=$D22))*'Hạng mục'!$J$6:$J$76)>0,"✔ Có",IF(SUMPRODUCT((('Hạng mục'!$A$6:$A$76=$C22)+('Hạng mục'!$A$6:$A$76=$D22))*'Hạng mục'!$I$6:$N$76)=0,"＋ Tùy chọn","✘ Không")) -> ✘ Không | G22: =IF(SUMPRODUCT((('Hạng mục'!$A$6:$A$76=$C22)+('Hạng mục'!$A$6:$A$76=$D22))*'Hạng mục'!$K$6:$K$76)>0,"✔ Có",IF(SUMPRODUCT((('Hạng mục'!$A$6:$A$76=$C22)+('Hạng mục'!$A$6:$A$76=$D22))*'Hạng mục'!$I$6:$N$76)=0,"＋ Tùy chọn","✘ Không")) -> ✘ Không | H22: =IF(SUMPRODUCT((('Hạng mục'!$A$6:$A$76=$C22)+('Hạng mục'!$A$6:$A$76=$D22))*'Hạng mục'!$L$6:$L$76)>0,"✔ Có",IF(SUMPRODUCT((('Hạng mục'!$A$6:$A$76=$C22)+('Hạng mục'!$A$6:$A$76=$D22))*'Hạng mục'!$I$6:$N$76)=0,"＋ Tùy chọn","✘ Không")) -> ✔ Có | I22: =IF(SUMPRODUCT((('Hạng mục'!$A$6:$A$76=$C22)+('Hạng mục'!$A$6:$A$76=$D22))*'Hạng mục'!$M$6:$M$76)>0,"✔ Có",IF(SUMPRODUCT((('Hạng mục'!$A$6:$A$76=$C22)+('Hạng mục'!$A$6:$A$76=$D22))*'Hạng mục'!$I$6:$N$76)=0,"＋ Tùy chọn","✘ Không")) -> ✔ Có | J22: =IF(SUMPRODUCT((('Hạng mục'!$A$6:$A$76=$C22)+('Hạng mục'!$A$6:$A$76=$D22))*'Hạng mục'!$N$6:$N$76)>0,"✔ Có",IF(SUMPRODUCT((('Hạng mục'!$A$6:$A$76=$C22)+('Hạng mục'!$A$6:$A$76=$D22))*'Hạng mục'!$I$6:$N$76)=0,"＋ Tùy chọn","✘ Không")) -> ✘ Không
A23: 17 | B23: Email thông báo tự động | C23: 9.1 | E23: =IF(SUMPRODUCT((('Hạng mục'!$A$6:$A$76=$C23)+('Hạng mục'!$A$6:$A$76=$D23))*'Hạng mục'!$I$6:$I$76)>0,"✔ Có",IF(SUMPRODUCT((('Hạng mục'!$A$6:$A$76=$C23)+('Hạng mục'!$A$6:$A$76=$D23))*'Hạng mục'!$I$6:$N$76)=0,"＋ Tùy chọn","✘ Không")) -> ✘ Không | F23: =IF(SUMPRODUCT((('Hạng mục'!$A$6:$A$76=$C23)+('Hạng mục'!$A$6:$A$76=$D23))*'Hạng mục'!$J$6:$J$76)>0,"✔ Có",IF(SUMPRODUCT((('Hạng mục'!$A$6:$A$76=$C23)+('Hạng mục'!$A$6:$A$76=$D23))*'Hạng mục'!$I$6:$N$76)=0,"＋ Tùy chọn","✘ Không")) -> ✘ Không | G23: =IF(SUMPRODUCT((('Hạng mục'!$A$6:$A$76=$C23)+('Hạng mục'!$A$6:$A$76=$D23))*'Hạng mục'!$K$6:$K$76)>0,"✔ Có",IF(SUMPRODUCT((('Hạng mục'!$A$6:$A$76=$C23)+('Hạng mục'!$A$6:$A$76=$D23))*'Hạng mục'!$I$6:$N$76)=0,"＋ Tùy chọn","✘ Không")) -> ✘ Không | H23: =IF(SUMPRODUCT((('Hạng mục'!$A$6:$A$76=$C23)+('Hạng mục'!$A$6:$A$76=$D23))*'Hạng mục'!$L$6:$L$76)>0,"✔ Có",IF(SUMPRODUCT((('Hạng mục'!$A$6:$A$76=$C23)+('Hạng mục'!$A$6:$A$76=$D23))*'Hạng mục'!$I$6:$N$76)=0,"＋ Tùy chọn","✘ Không")) -> ✔ Có | I23: =IF(SUMPRODUCT((('Hạng mục'!$A$6:$A$76=$C23)+('Hạng mục'!$A$6:$A$76=$D23))*'Hạng mục'!$M$6:$M$76)>0,"✔ Có",IF(SUMPRODUCT((('Hạng mục'!$A$6:$A$76=$C23)+('Hạng mục'!$A$6:$A$76=$D23))*'Hạng mục'!$I$6:$N$76)=0,"＋ Tùy chọn","✘ Không")) -> ✔ Có | J23: =IF(SUMPRODUCT((('Hạng mục'!$A$6:$A$76=$C23)+('Hạng mục'!$A$6:$A$76=$D23))*'Hạng mục'!$N$6:$N$76)>0,"✔ Có",IF(SUMPRODUCT((('Hạng mục'!$A$6:$A$76=$C23)+('Hạng mục'!$A$6:$A$76=$D23))*'Hạng mục'!$I$6:$N$76)=0,"＋ Tùy chọn","✘ Không")) -> ✘ Không
A24: 18 | B24: Ứng dụng chạy trong Zalo (Mini App) | C24: 3.7 | E24: =IF(SUMPRODUCT((('Hạng mục'!$A$6:$A$76=$C24)+('Hạng mục'!$A$6:$A$76=$D24))*'Hạng mục'!$I$6:$I$76)>0,"✔ Có",IF(SUMPRODUCT((('Hạng mục'!$A$6:$A$76=$C24)+('Hạng mục'!$A$6:$A$76=$D24))*'Hạng mục'!$I$6:$N$76)=0,"＋ Tùy chọn","✘ Không")) -> ✘ Không | F24: =IF(SUMPRODUCT((('Hạng mục'!$A$6:$A$76=$C24)+('Hạng mục'!$A$6:$A$76=$D24))*'Hạng mục'!$J$6:$J$76)>0,"✔ Có",IF(SUMPRODUCT((('Hạng mục'!$A$6:$A$76=$C24)+('Hạng mục'!$A$6:$A$76=$D24))*'Hạng mục'!$I$6:$N$76)=0,"＋ Tùy chọn","✘ Không")) -> ✘ Không | G24: =IF(SUMPRODUCT((('Hạng mục'!$A$6:$A$76=$C24)+('Hạng mục'!$A$6:$A$76=$D24))*'Hạng mục'!$K$6:$K$76)>0,"✔ Có",IF(SUMPRODUCT((('Hạng mục'!$A$6:$A$76=$C24)+('Hạng mục'!$A$6:$A$76=$D24))*'Hạng mục'!$I$6:$N$76)=0,"＋ Tùy chọn","✘ Không")) -> ✘ Không | H24: =IF(SUMPRODUCT((('Hạng mục'!$A$6:$A$76=$C24)+('Hạng mục'!$A$6:$A$76=$D24))*'Hạng mục'!$L$6:$L$76)>0,"✔ Có",IF(SUMPRODUCT((('Hạng mục'!$A$6:$A$76=$C24)+('Hạng mục'!$A$6:$A$76=$D24))*'Hạng mục'!$I$6:$N$76)=0,"＋ Tùy chọn","✘ Không")) -> ✘ Không | I24: =IF(SUMPRODUCT((('Hạng mục'!$A$6:$A$76=$C24)+('Hạng mục'!$A$6:$A$76=$D24))*'Hạng mục'!$M$6:$M$76)>0,"✔ Có",IF(SUMPRODUCT((('Hạng mục'!$A$6:$A$76=$C24)+('Hạng mục'!$A$6:$A$76=$D24))*'Hạng mục'!$I$6:$N$76)=0,"＋ Tùy chọn","✘ Không")) -> ✘ Không | J24: =IF(SUMPRODUCT((('Hạng mục'!$A$6:$A$76=$C24)+('Hạng mục'!$A$6:$A$76=$D24))*'Hạng mục'!$N$6:$N$76)>0,"✔ Có",IF(SUMPRODUCT((('Hạng mục'!$A$6:$A$76=$C24)+('Hạng mục'!$A$6:$A$76=$D24))*'Hạng mục'!$I$6:$N$76)=0,"＋ Tùy chọn","✘ Không")) -> ✔ Có
A25: 19 | B25: Lưu cục bộ, đồng bộ Excel/OneDrive | C25: 4.7 | E25: =IF(SUMPRODUCT((('Hạng mục'!$A$6:$A$76=$C25)+('Hạng mục'!$A$6:$A$76=$D25))*'Hạng mục'!$I$6:$I$76)>0,"✔ Có",IF(SUMPRODUCT((('Hạng mục'!$A$6:$A$76=$C25)+('Hạng mục'!$A$6:$A$76=$D25))*'Hạng mục'!$I$6:$N$76)=0,"＋ Tùy chọn","✘ Không")) -> ✘ Không | F25: =IF(SUMPRODUCT((('Hạng mục'!$A$6:$A$76=$C25)+('Hạng mục'!$A$6:$A$76=$D25))*'Hạng mục'!$J$6:$J$76)>0,"✔ Có",IF(SUMPRODUCT((('Hạng mục'!$A$6:$A$76=$C25)+('Hạng mục'!$A$6:$A$76=$D25))*'Hạng mục'!$I$6:$N$76)=0,"＋ Tùy chọn","✘ Không")) -> ✘ Không | G25: =IF(SUMPRODUCT((('Hạng mục'!$A$6:$A$76=$C25)+('Hạng mục'!$A$6:$A$76=$D25))*'Hạng mục'!$K$6:$K$76)>0,"✔ Có",IF(SUMPRODUCT((('Hạng mục'!$A$6:$A$76=$C25)+('Hạng mục'!$A$6:$A$76=$D25))*'Hạng mục'!$I$6:$N$76)=0,"＋ Tùy chọn","✘ Không")) -> ✘ Không | H25: =IF(SUMPRODUCT((('Hạng mục'!$A$6:$A$76=$C25)+('Hạng mục'!$A$6:$A$76=$D25))*'Hạng mục'!$L$6:$L$76)>0,"✔ Có",IF(SUMPRODUCT((('Hạng mục'!$A$6:$A$76=$C25)+('Hạng mục'!$A$6:$A$76=$D25))*'Hạng mục'!$I$6:$N$76)=0,"＋ Tùy chọn","✘ Không")) -> ✘ Không | I25: =IF(SUMPRODUCT((('Hạng mục'!$A$6:$A$76=$C25)+('Hạng mục'!$A$6:$A$76=$D25))*'Hạng mục'!$M$6:$M$76)>0,"✔ Có",IF(SUMPRODUCT((('Hạng mục'!$A$6:$A$76=$C25)+('Hạng mục'!$A$6:$A$76=$D25))*'Hạng mục'!$I$6:$N$76)=0,"＋ Tùy chọn","✘ Không")) -> ✘ Không | J25: =IF(SUMPRODUCT((('Hạng mục'!$A$6:$A$76=$C25)+('Hạng mục'!$A$6:$A$76=$D25))*'Hạng mục'!$N$6:$N$76)>0,"✔ Có",IF(SUMPRODUCT((('Hạng mục'!$A$6:$A$76=$C25)+('Hạng mục'!$A$6:$A$76=$D25))*'Hạng mục'!$I$6:$N$76)=0,"＋ Tùy chọn","✘ Không")) -> ✔ Có
A26: 20 | B26: Thanh toán trong Mini App hoặc cổng thanh toán | C26: 8.4 | D26: 9.4 | E26: =IF(SUMPRODUCT((('Hạng mục'!$A$6:$A$76=$C26)+('Hạng mục'!$A$6:$A$76=$D26))*'Hạng mục'!$I$6:$I$76)>0,"✔ Có",IF(SUMPRODUCT((('Hạng mục'!$A$6:$A$76=$C26)+('Hạng mục'!$A$6:$A$76=$D26))*'Hạng mục'!$I$6:$N$76)=0,"＋ Tùy chọn","✘ Không")) -> ＋ Tùy chọn | F26: =IF(SUMPRODUCT((('Hạng mục'!$A$6:$A$76=$C26)+('Hạng mục'!$A$6:$A$76=$D26))*'Hạng mục'!$J$6:$J$76)>0,"✔ Có",IF(SUMPRODUCT((('Hạng mục'!$A$6:$A$76=$C26)+('Hạng mục'!$A$6:$A$76=$D26))*'Hạng mục'!$I$6:$N$76)=0,"＋ Tùy chọn","✘ Không")) -> ＋ Tùy chọn | G26: =IF(SUMPRODUCT((('Hạng mục'!$A$6:$A$76=$C26)+('Hạng mục'!$A$6:$A$76=$D26))*'Hạng mục'!$K$6:$K$76)>0,"✔ Có",IF(SUMPRODUCT((('Hạng mục'!$A$6:$A$76=$C26)+('Hạng mục'!$A$6:$A$76=$D26))*'Hạng mục'!$I$6:$N$76)=0,"＋ Tùy chọn","✘ Không")) -> ＋ Tùy chọn | H26: =IF(SUMPRODUCT((('Hạng mục'!$A$6:$A$76=$C26)+('Hạng mục'!$A$6:$A$76=$D26))*'Hạng mục'!$L$6:$L$76)>0,"✔ Có",IF(SUMPRODUCT((('Hạng mục'!$A$6:$A$76=$C26)+('Hạng mục'!$A$6:$A$76=$D26))*'Hạng mục'!$I$6:$N$76)=0,"＋ Tùy chọn","✘ Không")) -> ＋ Tùy chọn | I26: =IF(SUMPRODUCT((('Hạng mục'!$A$6:$A$76=$C26)+('Hạng mục'!$A$6:$A$76=$D26))*'Hạng mục'!$M$6:$M$76)>0,"✔ Có",IF(SUMPRODUCT((('Hạng mục'!$A$6:$A$76=$C26)+('Hạng mục'!$A$6:$A$76=$D26))*'Hạng mục'!$I$6:$N$76)=0,"＋ Tùy chọn","✘ Không")) -> ＋ Tùy chọn | J26: =IF(SUMPRODUCT((('Hạng mục'!$A$6:$A$76=$C26)+('Hạng mục'!$A$6:$A$76=$D26))*'Hạng mục'!$N$6:$N$76)>0,"✔ Có",IF(SUMPRODUCT((('Hạng mục'!$A$6:$A$76=$C26)+('Hạng mục'!$A$6:$A$76=$D26))*'Hạng mục'!$I$6:$N$76)=0,"＋ Tùy chọn","✘ Không")) -> ＋ Tùy chọn
A27: 21 | B27: Hỗ trợ đa ngôn ngữ (Việt/Anh) | C27: 3.8 | E27: =IF(SUMPRODUCT((('Hạng mục'!$A$6:$A$76=$C27)+('Hạng mục'!$A$6:$A$76=$D27))*'Hạng mục'!$I$6:$I$76)>0,"✔ Có",IF(SUMPRODUCT((('Hạng mục'!$A$6:$A$76=$C27)+('Hạng mục'!$A$6:$A$76=$D27))*'Hạng mục'!$I$6:$N$76)=0,"＋ Tùy chọn","✘ Không")) -> ＋ Tùy chọn | F27: =IF(SUMPRODUCT((('Hạng mục'!$A$6:$A$76=$C27)+('Hạng mục'!$A$6:$A$76=$D27))*'Hạng mục'!$J$6:$J$76)>0,"✔ Có",IF(SUMPRODUCT((('Hạng mục'!$A$6:$A$76=$C27)+('Hạng mục'!$A$6:$A$76=$D27))*'Hạng mục'!$I$6:$N$76)=0,"＋ Tùy chọn","✘ Không")) -> ＋ Tùy chọn | G27: =IF(SUMPRODUCT((('Hạng mục'!$A$6:$A$76=$C27)+('Hạng mục'!$A$6:$A$76=$D27))*'Hạng mục'!$K$6:$K$76)>0,"✔ Có",IF(SUMPRODUCT((('Hạng mục'!$A$6:$A$76=$C27)+('Hạng mục'!$A$6:$A$76=$D27))*'Hạng mục'!$I$6:$N$76)=0,"＋ Tùy chọn","✘ Không")) -> ＋ Tùy chọn | H27: =IF(SUMPRODUCT((('Hạng mục'!$A$6:$A$76=$C27)+('Hạng mục'!$A$6:$A$76=$D27))*'Hạng mục'!$L$6:$L$76)>0,"✔ Có",IF(SUMPRODUCT((('Hạng mục'!$A$6:$A$76=$C27)+('Hạng mục'!$A$6:$A$76=$D27))*'Hạng mục'!$I$6:$N$76)=0,"＋ Tùy chọn","✘ Không")) -> ＋ Tùy chọn | I27: =IF(SUMPRODUCT((('Hạng mục'!$A$6:$A$76=$C27)+('Hạng mục'!$A$6:$A$76=$D27))*'Hạng mục'!$M$6:$M$76)>0,"✔ Có",IF(SUMPRODUCT((('Hạng mục'!$A$6:$A$76=$C27)+('Hạng mục'!$A$6:$A$76=$D27))*'Hạng mục'!$I$6:$N$76)=0,"＋ Tùy chọn","✘ Không")) -> ＋ Tùy chọn | J27: =IF(SUMPRODUCT((('Hạng mục'!$A$6:$A$76=$C27)+('Hạng mục'!$A$6:$A$76=$D27))*'Hạng mục'!$N$6:$N$76)>0,"✔ Có",IF(SUMPRODUCT((('Hạng mục'!$A$6:$A$76=$C27)+('Hạng mục'!$A$6:$A$76=$D27))*'Hạng mục'!$I$6:$N$76)=0,"＋ Tùy chọn","✘ Không")) -> ＋ Tùy chọn
A28: 22 | B28: Tích hợp ERP, kế toán hoặc hệ thống có sẵn | C28: 9.5 | E28: =IF(SUMPRODUCT((('Hạng mục'!$A$6:$A$76=$C28)+('Hạng mục'!$A$6:$A$76=$D28))*'Hạng mục'!$I$6:$I$76)>0,"✔ Có",IF(SUMPRODUCT((('Hạng mục'!$A$6:$A$76=$C28)+('Hạng mục'!$A$6:$A$76=$D28))*'Hạng mục'!$I$6:$N$76)=0,"＋ Tùy chọn","✘ Không")) -> ＋ Tùy chọn | F28: =IF(SUMPRODUCT((('Hạng mục'!$A$6:$A$76=$C28)+('Hạng mục'!$A$6:$A$76=$D28))*'Hạng mục'!$J$6:$J$76)>0,"✔ Có",IF(SUMPRODUCT((('Hạng mục'!$A$6:$A$76=$C28)+('Hạng mục'!$A$6:$A$76=$D28))*'Hạng mục'!$I$6:$N$76)=0,"＋ Tùy chọn","✘ Không")) -> ＋ Tùy chọn | G28: =IF(SUMPRODUCT((('Hạng mục'!$A$6:$A$76=$C28)+('Hạng mục'!$A$6:$A$76=$D28))*'Hạng mục'!$K$6:$K$76)>0,"✔ Có",IF(SUMPRODUCT((('Hạng mục'!$A$6:$A$76=$C28)+('Hạng mục'!$A$6:$A$76=$D28))*'Hạng mục'!$I$6:$N$76)=0,"＋ Tùy chọn","✘ Không")) -> ＋ Tùy chọn | H28: =IF(SUMPRODUCT((('Hạng mục'!$A$6:$A$76=$C28)+('Hạng mục'!$A$6:$A$76=$D28))*'Hạng mục'!$L$6:$L$76)>0,"✔ Có",IF(SUMPRODUCT((('Hạng mục'!$A$6:$A$76=$C28)+('Hạng mục'!$A$6:$A$76=$D28))*'Hạng mục'!$I$6:$N$76)=0,"＋ Tùy chọn","✘ Không")) -> ＋ Tùy chọn | I28: =IF(SUMPRODUCT((('Hạng mục'!$A$6:$A$76=$C28)+('Hạng mục'!$A$6:$A$76=$D28))*'Hạng mục'!$M$6:$M$76)>0,"✔ Có",IF(SUMPRODUCT((('Hạng mục'!$A$6:$A$76=$C28)+('Hạng mục'!$A$6:$A$76=$D28))*'Hạng mục'!$I$6:$N$76)=0,"＋ Tùy chọn","✘ Không")) -> ＋ Tùy chọn | J28: =IF(SUMPRODUCT((('Hạng mục'!$A$6:$A$76=$C28)+('Hạng mục'!$A$6:$A$76=$D28))*'Hạng mục'!$N$6:$N$76)>0,"✔ Có",IF(SUMPRODUCT((('Hạng mục'!$A$6:$A$76=$C28)+('Hạng mục'!$A$6:$A$76=$D28))*'Hạng mục'!$I$6:$N$76)=0,"＋ Tùy chọn","✘ Không")) -> ＋ Tùy chọn
A35: ✔ Có: đã gồm trong gói. ✘ Không: không gồm. ＋ Tùy chọn: không gồm trong gói nào, báo giá thêm theo nhu cầu (chọn ở cột Chọn cho khách trong sheet Hạng mục). Cột Mã hạng mục dùng để đối chiếu với sheet Hạng mục.

Sheet Tổng hợp gói
A1: Tổng hợp giá theo gói
A2: Giá tham khảo để khách chọn nhanh. Muốn chỉnh theo nhu cầu riêng, dùng cột Chọn cho khách ở sheet Hạng mục.
A4: Giai đoạn | B4: Landing page | C4: Website giới thiệu | D4: Website + CMS | E4: CRM | F4: Hệ thống quản lý | G4: Zalo Mini App
A5: Phù hợp với | B5: Giới thiệu nhanh, chạy quảng cáo, thu thông tin khách | C5: Doanh nghiệp cần hiện diện chuyên nghiệp, ít thay đổi nội dung | D5: Doanh nghiệp tự cập nhật nội dung, tin tức, SEO lâu dài | E5: Quản lý khách hàng, cơ hội và doanh số | F5: Vận hành cả trung tâm hoặc cửa hàng: lịch, điểm danh, thu chi, lương | G5: Dùng ngay trong Zalo cho nhân viên hoặc khách hàng
A6: 1. Khởi động & phân tích | B6: =SUMPRODUCT(('Hạng mục'!$B$6:$B$76=$A6)*'Hạng mục'!$I$6:$I$76*'Hạng mục'!$H$6:$H$76) -> 1050000 | C6: =SUMPRODUCT(('Hạng mục'!$B$6:$B$76=$A6)*'Hạng mục'!$J$6:$J$76*'Hạng mục'!$H$6:$H$76) -> 2100000 | D6: =SUMPRODUCT(('Hạng mục'!$B$6:$B$76=$A6)*'Hạng mục'!$K$6:$K$76*'Hạng mục'!$H$6:$H$76) -> 9450000 | E6: =SUMPRODUCT(('Hạng mục'!$B$6:$B$76=$A6)*'Hạng mục'!$L$6:$L$76*'Hạng mục'!$H$6:$H$76) -> 8400000 | F6: =SUMPRODUCT(('Hạng mục'!$B$6:$B$76=$A6)*'Hạng mục'!$M$6:$M$76*'Hạng mục'!$H$6:$H$76) -> 8400000 | G6: =SUMPRODUCT(('Hạng mục'!$B$6:$B$76=$A6)*'Hạng mục'!$N$6:$N$76*'Hạng mục'!$H$6:$H$76) -> 8400000
A7: 2. Thiết kế UI/UX | B7: =SUMPRODUCT(('Hạng mục'!$B$6:$B$76=$A7)*'Hạng mục'!$I$6:$I$76*'Hạng mục'!$H$6:$H$76) -> 5250000 | C7: =SUMPRODUCT(('Hạng mục'!$B$6:$B$76=$A7)*'Hạng mục'!$J$6:$J$76*'Hạng mục'!$H$6:$H$76) -> 8400000 | D7: =SUMPRODUCT(('Hạng mục'!$B$6:$B$76=$A7)*'Hạng mục'!$K$6:$K$76*'Hạng mục'!$H$6:$H$76) -> 14700000 | E7: =SUMPRODUCT(('Hạng mục'!$B$6:$B$76=$A7)*'Hạng mục'!$L$6:$L$76*'Hạng mục'!$H$6:$H$76) -> 11550000 | F7: =SUMPRODUCT(('Hạng mục'!$B$6:$B$76=$A7)*'Hạng mục'!$M$6:$M$76*'Hạng mục'!$H$6:$H$76) -> 11550000 | G7: =SUMPRODUCT(('Hạng mục'!$B$6:$B$76=$A7)*'Hạng mục'!$N$6:$N$76*'Hạng mục'!$H$6:$H$76) -> 6300000
A8: 3. Lập trình giao diện | B8: =SUMPRODUCT(('Hạng mục'!$B$6:$B$76=$A8)*'Hạng mục'!$I$6:$I$76*'Hạng mục'!$H$6:$H$76) -> 9100000 | C8: =SUMPRODUCT(('Hạng mục'!$B$6:$B$76=$A8)*'Hạng mục'!$J$6:$J$76*'Hạng mục'!$H$6:$H$76) -> 16100000 | D8: =SUMPRODUCT(('Hạng mục'!$B$6:$B$76=$A8)*'Hạng mục'!$K$6:$K$76*'Hạng mục'!$H$6:$H$76) -> 23100000 | E8: =SUMPRODUCT(('Hạng mục'!$B$6:$B$76=$A8)*'Hạng mục'!$L$6:$L$76*'Hạng mục'!$H$6:$H$76) -> 17500000 | F8: =SUMPRODUCT(('Hạng mục'!$B$6:$B$76=$A8)*'Hạng mục'!$M$6:$M$76*'Hạng mục'!$H$6:$H$76) -> 15400000 | G8: =SUMPRODUCT(('Hạng mục'!$B$6:$B$76=$A8)*'Hạng mục'!$N$6:$N$76*'Hạng mục'!$H$6:$H$76) -> 14000000
A9: 4. Backend & cơ sở dữ liệu | B9: =SUMPRODUCT(('Hạng mục'!$B$6:$B$76=$A9)*'Hạng mục'!$I$6:$I$76*'Hạng mục'!$H$6:$H$76) -> 0 | C9: =SUMPRODUCT(('Hạng mục'!$B$6:$B$76=$A9)*'Hạng mục'!$J$6:$J$76*'Hạng mục'!$H$6:$H$76) -> 0 | D9: =SUMPRODUCT(('Hạng mục'!$B$6:$B$76=$A9)*'Hạng mục'!$K$6:$K$76*'Hạng mục'!$H$6:$H$76) -> 12600000 | E9: =SUMPRODUCT(('Hạng mục'!$B$6:$B$76=$A9)*'Hạng mục'!$L$6:$L$76*'Hạng mục'!$H$6:$H$76) -> 26600000 | F9: =SUMPRODUCT(('Hạng mục'!$B$6:$B$76=$A9)*'Hạng mục'!$M$6:$M$76*'Hạng mục'!$H$6:$H$76) -> 26600000 | G9: =SUMPRODUCT(('Hạng mục'!$B$6:$B$76=$A9)*'Hạng mục'!$N$6:$N$76*'Hạng mục'!$H$6:$H$76) -> 18200000
A10: 5. Module CMS | B10: =SUMPRODUCT(('Hạng mục'!$B$6:$B$76=$A10)*'Hạng mục'!$I$6:$I$76*'Hạng mục'!$H$6:$H$76) -> 0 | C10: =SUMPRODUCT(('Hạng mục'!$B$6:$B$76=$A10)*'Hạng mục'!$J$6:$J$76*'Hạng mục'!$H$6:$H$76) -> 0 | D10: =SUMPRODUCT(('Hạng mục'!$B$6:$B$76=$A10)*'Hạng mục'!$K$6:$K$76*'Hạng mục'!$H$6:$H$76) -> 21000000 | E10: =SUMPRODUCT(('Hạng mục'!$B$6:$B$76=$A10)*'Hạng mục'!$L$6:$L$76*'Hạng mục'!$H$6:$H$76) -> 0 | F10: =SUMPRODUCT(('Hạng mục'!$B$6:$B$76=$A10)*'Hạng mục'!$M$6:$M$76*'Hạng mục'!$H$6:$H$76) -> 0 | G10: =SUMPRODUCT(('Hạng mục'!$B$6:$B$76=$A10)*'Hạng mục'!$N$6:$N$76*'Hạng mục'!$H$6:$H$76) -> 0
A11: 6. Module CRM | B11: =SUMPRODUCT(('Hạng mục'!$B$6:$B$76=$A11)*'Hạng mục'!$I$6:$I$76*'Hạng mục'!$H$6:$H$76) -> 0 | C11: =SUMPRODUCT(('Hạng mục'!$B$6:$B$76=$A11)*'Hạng mục'!$J$6:$J$76*'Hạng mục'!$H$6:$H$76) -> 0 | D11: =SUMPRODUCT(('Hạng mục'!$B$6:$B$76=$A11)*'Hạng mục'!$K$6:$K$76*'Hạng mục'!$H$6:$H$76) -> 0 | E11: =SUMPRODUCT(('Hạng mục'!$B$6:$B$76=$A11)*'Hạng mục'!$L$6:$L$76*'Hạng mục'!$H$6:$H$76) -> 35000000 | F11: =SUMPRODUCT(('Hạng mục'!$B$6:$B$76=$A11)*'Hạng mục'!$M$6:$M$76*'Hạng mục'!$H$6:$H$76) -> 0 | G11: =SUMPRODUCT(('Hạng mục'!$B$6:$B$76=$A11)*'Hạng mục'!$N$6:$N$76*'Hạng mục'!$H$6:$H$76) -> 0
A12: 7. Hệ thống quản lý vận hành | B12: =SUMPRODUCT(('Hạng mục'!$B$6:$B$76=$A12)*'Hạng mục'!$I$6:$I$76*'Hạng mục'!$H$6:$H$76) -> 0 | C12: =SUMPRODUCT(('Hạng mục'!$B$6:$B$76=$A12)*'Hạng mục'!$J$6:$J$76*'Hạng mục'!$H$6:$H$76) -> 0 | D12: =SUMPRODUCT(('Hạng mục'!$B$6:$B$76=$A12)*'Hạng mục'!$K$6:$K$76*'Hạng mục'!$H$6:$H$76) -> 0 | E12: =SUMPRODUCT(('Hạng mục'!$B$6:$B$76=$A12)*'Hạng mục'!$L$6:$L$76*'Hạng mục'!$H$6:$H$76) -> 0 | F12: =SUMPRODUCT(('Hạng mục'!$B$6:$B$76=$A12)*'Hạng mục'!$M$6:$M$76*'Hạng mục'!$H$6:$H$76) -> 54600000 | G12: =SUMPRODUCT(('Hạng mục'!$B$6:$B$76=$A12)*'Hạng mục'!$N$6:$N$76*'Hạng mục'!$H$6:$H$76) -> 0
A13: 8. Zalo Mini App | B13: =SUMPRODUCT(('Hạng mục'!$B$6:$B$76=$A13)*'Hạng mục'!$I$6:$I$76*'Hạng mục'!$H$6:$H$76) -> 0 | C13: =SUMPRODUCT(('Hạng mục'!$B$6:$B$76=$A13)*'Hạng mục'!$J$6:$J$76*'Hạng mục'!$H$6:$H$76) -> 0 | D13: =SUMPRODUCT(('Hạng mục'!$B$6:$B$76=$A13)*'Hạng mục'!$K$6:$K$76*'Hạng mục'!$H$6:$H$76) -> 0 | E13: =SUMPRODUCT(('Hạng mục'!$B$6:$B$76=$A13)*'Hạng mục'!$L$6:$L$76*'Hạng mục'!$H$6:$H$76) -> 0 | F13: =SUMPRODUCT(('Hạng mục'!$B$6:$B$76=$A13)*'Hạng mục'!$M$6:$M$76*'Hạng mục'!$H$6:$H$76) -> 0 | G13: =SUMPRODUCT(('Hạng mục'!$B$6:$B$76=$A13)*'Hạng mục'!$N$6:$N$76*'Hạng mục'!$H$6:$H$76) -> 19600000
A14: 9. Tích hợp bên ngoài | B14: =SUMPRODUCT(('Hạng mục'!$B$6:$B$76=$A14)*'Hạng mục'!$I$6:$I$76*'Hạng mục'!$H$6:$H$76) -> 1400000 | C14: =SUMPRODUCT(('Hạng mục'!$B$6:$B$76=$A14)*'Hạng mục'!$J$6:$J$76*'Hạng mục'!$H$6:$H$76) -> 1400000 | D14: =SUMPRODUCT(('Hạng mục'!$B$6:$B$76=$A14)*'Hạng mục'!$K$6:$K$76*'Hạng mục'!$H$6:$H$76) -> 1400000 | E14: =SUMPRODUCT(('Hạng mục'!$B$6:$B$76=$A14)*'Hạng mục'!$L$6:$L$76*'Hạng mục'!$H$6:$H$76) -> 2800000 | F14: =SUMPRODUCT(('Hạng mục'!$B$6:$B$76=$A14)*'Hạng mục'!$M$6:$M$76*'Hạng mục'!$H$6:$H$76) -> 2800000 | G14: =SUMPRODUCT(('Hạng mục'!$B$6:$B$76=$A14)*'Hạng mục'!$N$6:$N$76*'Hạng mục'!$H$6:$H$76) -> 0
A15: 10. Kiểm thử & nghiệm thu | B15: =SUMPRODUCT(('Hạng mục'!$B$6:$B$76=$A15)*'Hạng mục'!$I$6:$I$76*'Hạng mục'!$H$6:$H$76) -> 3850000 | C15: =SUMPRODUCT(('Hạng mục'!$B$6:$B$76=$A15)*'Hạng mục'!$J$6:$J$76*'Hạng mục'!$H$6:$H$76) -> 3850000 | D15: =SUMPRODUCT(('Hạng mục'!$B$6:$B$76=$A15)*'Hạng mục'!$K$6:$K$76*'Hạng mục'!$H$6:$H$76) -> 6650000 | E15: =SUMPRODUCT(('Hạng mục'!$B$6:$B$76=$A15)*'Hạng mục'!$L$6:$L$76*'Hạng mục'!$H$6:$H$76) -> 11200000 | F15: =SUMPRODUCT(('Hạng mục'!$B$6:$B$76=$A15)*'Hạng mục'!$M$6:$M$76*'Hạng mục'!$H$6:$H$76) -> 11200000 | G15: =SUMPRODUCT(('Hạng mục'!$B$6:$B$76=$A15)*'Hạng mục'!$N$6:$N$76*'Hạng mục'!$H$6:$H$76) -> 11200000
A16: 11. Hạ tầng & triển khai | B16: =SUMPRODUCT(('Hạng mục'!$B$6:$B$76=$A16)*'Hạng mục'!$I$6:$I$76*'Hạng mục'!$H$6:$H$76) -> 1400000 | C16: =SUMPRODUCT(('Hạng mục'!$B$6:$B$76=$A16)*'Hạng mục'!$J$6:$J$76*'Hạng mục'!$H$6:$H$76) -> 1400000 | D16: =SUMPRODUCT(('Hạng mục'!$B$6:$B$76=$A16)*'Hạng mục'!$K$6:$K$76*'Hạng mục'!$H$6:$H$76) -> 9100000 | E16: =SUMPRODUCT(('Hạng mục'!$B$6:$B$76=$A16)*'Hạng mục'!$L$6:$L$76*'Hạng mục'!$H$6:$H$76) -> 9100000 | F16: =SUMPRODUCT(('Hạng mục'!$B$6:$B$76=$A16)*'Hạng mục'!$M$6:$M$76*'Hạng mục'!$H$6:$H$76) -> 9100000 | G16: =SUMPRODUCT(('Hạng mục'!$B$6:$B$76=$A16)*'Hạng mục'!$N$6:$N$76*'Hạng mục'!$H$6:$H$76) -> 9100000
A17: 12. Đào tạo & bàn giao | B17: =SUMPRODUCT(('Hạng mục'!$B$6:$B$76=$A17)*'Hạng mục'!$I$6:$I$76*'Hạng mục'!$H$6:$H$76) -> 1750000 | C17: =SUMPRODUCT(('Hạng mục'!$B$6:$B$76=$A17)*'Hạng mục'!$J$6:$J$76*'Hạng mục'!$H$6:$H$76) -> 1750000 | D17: =SUMPRODUCT(('Hạng mục'!$B$6:$B$76=$A17)*'Hạng mục'!$K$6:$K$76*'Hạng mục'!$H$6:$H$76) -> 4900000 | E17: =SUMPRODUCT(('Hạng mục'!$B$6:$B$76=$A17)*'Hạng mục'!$L$6:$L$76*'Hạng mục'!$H$6:$H$76) -> 3850000 | F17: =SUMPRODUCT(('Hạng mục'!$B$6:$B$76=$A17)*'Hạng mục'!$M$6:$M$76*'Hạng mục'!$H$6:$H$76) -> 3850000 | G17: =SUMPRODUCT(('Hạng mục'!$B$6:$B$76=$A17)*'Hạng mục'!$N$6:$N$76*'Hạng mục'!$H$6:$H$76) -> 3850000
A18: Tạm tính (cộng 12 giai đoạn) | B18: =SUM(B6:B17) -> 23800000 | C18: =SUM(C6:C17) -> 35000000 | D18: =SUM(D6:D17) -> 102900000 | E18: =SUM(E6:E17) -> 126000000 | F18: =SUM(F6:F17) -> 143500000 | G18: =SUM(G6:G17) -> 90650000
A19: Quản lý dự án | B19: =B18*'Thông số'!$B$14 -> 1904000 | C19: =C18*'Thông số'!$B$14 -> 2800000 | D19: =D18*'Thông số'!$B$14 -> 8232000 | E19: =E18*'Thông số'!$B$14 -> 10080000 | F19: =F18*'Thông số'!$B$14 -> 11480000 | G19: =G18*'Thông số'!$B$14 -> 7252000
A20: Dự phòng rủi ro | B20: =(B18+B19)*'Thông số'!$B$15 -> 2570400 | C20: =(C18+C19)*'Thông số'!$B$15 -> 3780000 | D20: =(D18+D19)*'Thông số'!$B$15 -> 11113200 | E20: =(E18+E19)*'Thông số'!$B$15 -> 13608000 | F20: =(F18+F19)*'Thông số'!$B$15 -> 15498000 | G20: =(G18+G19)*'Thông số'!$B$15 -> 9790200
A21: Tổng trước VAT | B21: =B18+B19+B20 -> 28274400 | C21: =C18+C19+C20 -> 41580000 | D21: =D18+D19+D20 -> 122245200 | E21: =E18+E19+E20 -> 149688000 | F21: =F18+F19+F20 -> 170478000 | G21: =G18+G19+G20 -> 107692200
A22: VAT | B22: =B21*'Thông số'!$B$16 -> 2827440 | C22: =C21*'Thông số'!$B$16 -> 4158000 | D22: =D21*'Thông số'!$B$16 -> 12224520 | E22: =E21*'Thông số'!$B$16 -> 14968800 | F22: =F21*'Thông số'!$B$16 -> 17047800 | G22: =G21*'Thông số'!$B$16 -> 10769220
A23: TỔNG CỘNG (đã gồm VAT) | B23: =B21+B22 -> 31101840 | C23: =C21+C22 -> 45738000 | D23: =D21+D22 -> 134469720 | E23: =E21+E22 -> 164656800 | F23: =F21+F22 -> 187525800 | G23: =G21+G22 -> 118461420
A25: Tổng ngày công | B25: =SUMPRODUCT('Hạng mục'!$I$6:$I$76,'Hạng mục'!$F$6:$F$76) -> 19.5 | C25: =SUMPRODUCT('Hạng mục'!$J$6:$J$76,'Hạng mục'!$F$6:$F$76) -> 28.5 | D25: =SUMPRODUCT('Hạng mục'!$K$6:$K$76,'Hạng mục'!$F$6:$F$76) -> 80 | E25: =SUMPRODUCT('Hạng mục'!$L$6:$L$76,'Hạng mục'!$F$6:$F$76) -> 98.5 | F25: =SUMPRODUCT('Hạng mục'!$M$6:$M$76,'Hạng mục'!$F$6:$F$76) -> 111 | G25: =SUMPRODUCT('Hạng mục'!$N$6:$N$76,'Hạng mục'!$F$6:$F$76) -> 72
A26: Số người tham gia | B26: 1 | C26: 1 | D26: 2 | E26: 2 | F26: 2 | G26: 2
A27: Thời gian dự kiến (tuần) | B27: =ROUNDUP(B25*(1+'Thông số'!$B$14)/(B26*'Thông số'!$B$17*'Thông số'!$B$18),0) -> 6 | C27: =ROUNDUP(C25*(1+'Thông số'!$B$14)/(C26*'Thông số'!$B$17*'Thông số'!$B$18),0) -> 8 | D27: =ROUNDUP(D25*(1+'Thông số'!$B$14)/(D26*'Thông số'!$B$17*'Thông số'!$B$18),0) -> 11 | E27: =ROUNDUP(E25*(1+'Thông số'!$B$14)/(E26*'Thông số'!$B$17*'Thông số'!$B$18),0) -> 14 | F27: =ROUNDUP(F25*(1+'Thông số'!$B$14)/(F26*'Thông số'!$B$17*'Thông số'!$B$18),0) -> 15 | G27: =ROUNDUP(G25*(1+'Thông số'!$B$14)/(G26*'Thông số'!$B$17*'Thông số'!$B$18),0) -> 10
A28: Gói vận hành hàng tháng đề xuất | B28: Cơ bản | C28: Cơ bản | D28: Tiêu chuẩn | E28: Tiêu chuẩn | F28: Tiêu chuẩn | G28: Cơ bản
A29: Phí hạ tầng/tháng: VPS, hosting, tên miền (VND) | B29: =INDEX('Vận hành'!$I$22:$K$22,MATCH(B28,'Vận hành'!$I$5:$K$5,0)) -> 133333.33 | C29: =INDEX('Vận hành'!$I$22:$K$22,MATCH(C28,'Vận hành'!$I$5:$K$5,0)) -> 133333.33 | D29: =INDEX('Vận hành'!$I$22:$K$22,MATCH(D28,'Vận hành'!$I$5:$K$5,0)) -> 523333.33 | E29: =INDEX('Vận hành'!$I$22:$K$22,MATCH(E28,'Vận hành'!$I$5:$K$5,0)) -> 523333.33 | F29: =INDEX('Vận hành'!$I$22:$K$22,MATCH(F28,'Vận hành'!$I$5:$K$5,0)) -> 523333.33 | G29: =INDEX('Vận hành'!$I$22:$K$22,MATCH(G28,'Vận hành'!$I$5:$K$5,0)) -> 133333.33
A30: Phí dịch vụ/tháng: monitoring, alert, bảo trì (VND) | B30: =INDEX('Vận hành'!$I$23:$K$23,MATCH(B28,'Vận hành'!$I$5:$K$5,0)) -> 405000 | C30: =INDEX('Vận hành'!$I$23:$K$23,MATCH(C28,'Vận hành'!$I$5:$K$5,0)) -> 405000 | D30: =INDEX('Vận hành'!$I$23:$K$23,MATCH(D28,'Vận hành'!$I$5:$K$5,0)) -> 2130000 | E30: =INDEX('Vận hành'!$I$23:$K$23,MATCH(E28,'Vận hành'!$I$5:$K$5,0)) -> 2130000 | F30: =INDEX('Vận hành'!$I$23:$K$23,MATCH(F28,'Vận hành'!$I$5:$K$5,0)) -> 2130000 | G30: =INDEX('Vận hành'!$I$23:$K$23,MATCH(G28,'Vận hành'!$I$5:$K$5,0)) -> 405000
A31: TỔNG PHÍ HÀNG THÁNG (VND) | B31: =INDEX('Vận hành'!$I$24:$K$24,MATCH(B28,'Vận hành'!$I$5:$K$5,0)) -> 538333.33 | C31: =INDEX('Vận hành'!$I$24:$K$24,MATCH(C28,'Vận hành'!$I$5:$K$5,0)) -> 538333.33 | D31: =INDEX('Vận hành'!$I$24:$K$24,MATCH(D28,'Vận hành'!$I$5:$K$5,0)) -> 2653333.3 | E31: =INDEX('Vận hành'!$I$24:$K$24,MATCH(E28,'Vận hành'!$I$5:$K$5,0)) -> 2653333.3 | F31: =INDEX('Vận hành'!$I$24:$K$24,MATCH(F28,'Vận hành'!$I$5:$K$5,0)) -> 2653333.3 | G31: =INDEX('Vận hành'!$I$24:$K$24,MATCH(G28,'Vận hành'!$I$5:$K$5,0)) -> 538333.33
A32: Giá đề xuất theo thị trường (chưa VAT) | B32: ='Bảng giá đề xuất'!F6 -> 5000000 | C32: ='Bảng giá đề xuất'!F7 -> 12000000 | D32: ='Bảng giá đề xuất'!F8 -> 28000000 | E32: ='Bảng giá đề xuất'!F15 -> 85000000 | F32: ='Bảng giá đề xuất'!F16 -> 160000000 | G32: ='Bảng giá đề xuất'!F13 -> 30000000
A33: Ghi chú
A34: Thời gian dự kiến = tổng ngày công cộng phần quản lý dự án, chia cho (số người x ngày/tuần x hiệu suất). Đây là ước tính, chưa gồm thời gian chờ phản hồi của khách.
A35: Số người tham gia và gói vận hành là giả định mẫu, sửa ở ô chữ xanh nền vàng.
A36: Chi phí tên miền, hosting/VPS, ZNS, cổng thanh toán và phần mềm bản quyền của bên thứ ba do khách chi trả riêng, tính ở sheet Vận hành.

Sheet Vận hành
A1: Phí hàng tháng sau go-live: tách riêng từng khoản
A2: Nhóm A là chi phí hạ tầng chuyển tiếp theo hóa đơn nhà cung cấp. Nhóm B là phí dịch vụ vận hành của bạn. Số lượng theo từng gói ở các cột chữ xanh.
A5: Nhóm | B5: Hạng mục | C5: Chu kỳ | D5: Đơn giá (VND/chu kỳ) | E5: Quy ra tháng (VND) | F5: SL Cơ bản | G5: SL Tiêu chuẩn | H5: SL Nâng cao | I5: Cơ bản | J5: Tiêu chuẩn | K5: Nâng cao | L5: Ghi chú
A6: A. Hạ tầng (chuyển tiếp theo hóa đơn) | B6: VPS (máy chủ ảo cho ứng dụng, CMS, CRM) | C6: tháng | D6: 350000 | E6: =IF(C6="năm",D6/12,D6) -> 350000 | F6: 0 | G6: 1 | H6: 2 | I6: =$E6*F6 -> 0 | J6: =$E6*G6 -> 350000 | K6: =$E6*H6 -> 700000 | L6: 2 vCPU / 4 GB RAM. Giá nhà cung cấp, chuyển tiếp theo hóa đơn.
A7: A. Hạ tầng (chuyển tiếp theo hóa đơn) | B7: Hosting website tĩnh / CDN | C7: tháng | D7: 100000 | E7: =IF(C7="năm",D7/12,D7) -> 100000 | F7: 1 | G7: 0 | H7: 0 | I7: =$E7*F7 -> 100000 | J7: =$E7*G7 -> 0 | K7: =$E7*H7 -> 0 | L7: Cho landing page và website giới thiệu không cần máy chủ riêng.
A8: A. Hạ tầng (chuyển tiếp theo hóa đơn) | B8: Tên miền (.com / .vn) | C8: năm | D8: 400000 | E8: =IF(C8="năm",D8/12,D8) -> 33333.333 | F8: 1 | G8: 1 | H8: 1 | I8: =$E8*F8 -> 33333.333 | J8: =$E8*G8 -> 33333.333 | K8: =$E8*H8 -> 33333.333 | L8: Gia hạn hằng năm. Thị trường tham khảo: 200.000 đến 1.000.000/năm tùy đuôi tên miền.
A9: A. Hạ tầng (chuyển tiếp theo hóa đơn) | B9: Chứng chỉ SSL | C9: năm | D9: 0 | E9: =IF(C9="năm",D9/12,D9) -> 0 | F9: 1 | G9: 1 | H9: 1 | I9: =$E9*F9 -> 0 | J9: =$E9*G9 -> 0 | K9: =$E9*H9 -> 0 | L9: Let's Encrypt miễn phí. Chứng chỉ trả phí thị trường: 500.000 đến 2.000.000/năm.
A10: A. Hạ tầng (chuyển tiếp theo hóa đơn) | B10: Lưu trữ bản sao lưu (storage ngoài máy chủ) | C10: tháng | D10: 50000 | E10: =IF(C10="năm",D10/12,D10) -> 50000 | F10: 0 | G10: 1 | H10: 2 | I10: =$E10*F10 -> 0 | J10: =$E10*G10 -> 50000 | K10: =$E10*H10 -> 100000 | L10: Bản sao lưu lưu ở nơi khác với VPS.
A11: A. Hạ tầng (chuyển tiếp theo hóa đơn) | B11: Email theo tên miền (mỗi hộp thư) | C11: tháng | D11: 30000 | E11: =IF(C11="năm",D11/12,D11) -> 30000 | F11: 0 | G11: 3 | H11: 5 | I11: =$E11*F11 -> 0 | J11: =$E11*G11 -> 90000 | K11: =$E11*H11 -> 150000 | L11: Tùy chọn. Đặt 0 nếu khách không cần.
A12: B. Dịch vụ vận hành (phí dịch vụ) | B12: Monitoring: giám sát uptime | C12: tháng | D12: 100000 | E12: =IF(C12="năm",D12/12,D12) -> 100000 | F12: 1 | G12: 1 | H12: 1 | I12: =$E12*F12 -> 100000 | J12: =$E12*G12 -> 100000 | K12: =$E12*H12 -> 100000 | L12: Kiểm tra website còn chạy, đo thời gian phản hồi.
A13: B. Dịch vụ vận hành (phí dịch vụ) | B13: Monitoring: hiệu năng và dashboard (CPU, RAM, ổ đĩa) | C13: tháng | D13: 300000 | E13: =IF(C13="năm",D13/12,D13) -> 300000 | F13: 0 | G13: 0 | H13: 1 | I13: =$E13*F13 -> 0 | J13: =$E13*G13 -> 0 | K13: =$E13*H13 -> 300000 | L13: Prometheus/Grafana, xem xu hướng tài nguyên.
A14: B. Dịch vụ vận hành (phí dịch vụ) | B14: Alert: cảnh báo sự cố qua email, Zalo hoặc Telegram | C14: tháng | D14: 50000 | E14: =IF(C14="năm",D14/12,D14) -> 50000 | F14: 1 | G14: 1 | H14: 1 | I14: =$E14*F14 -> 50000 | J14: =$E14*G14 -> 50000 | K14: =$E14*H14 -> 50000 | L14: Báo ngay khi website hoặc dịch vụ ngừng hoạt động.
A15: B. Dịch vụ vận hành (phí dịch vụ) | B15: Alert: trực sự cố ngoài giờ hành chính (on-call) | C15: tháng | D15: 400000 | E15: =IF(C15="năm",D15/12,D15) -> 400000 | F15: 0 | G15: 0 | H15: 1 | I15: =$E15*F15 -> 0 | J15: =$E15*G15 -> 0 | K15: =$E15*H15 -> 400000 | L15: Xử lý sự cố nghiêm trọng ngoài giờ.
A16: B. Dịch vụ vận hành (phí dịch vụ) | B16: Sao lưu tự động hằng ngày và kiểm tra khôi phục | C16: tháng | D16: 80000 | E16: =IF(C16="năm",D16/12,D16) -> 80000 | F16: 1 | G16: 1 | H16: 1 | I16: =$E16*F16 -> 80000 | J16: =$E16*G16 -> 80000 | K16: =$E16*H16 -> 80000 | L16: Thử khôi phục định kỳ để chắc bản sao lưu dùng được.
A17: B. Dịch vụ vận hành (phí dịch vụ) | B17: Bảo trì: cập nhật bản vá bảo mật và thư viện | C17: tháng | D17: 300000 | E17: =IF(C17="năm",D17/12,D17) -> 300000 | F17: 0 | G17: 1 | H17: 1 | I17: =$E17*F17 -> 0 | J17: =$E17*G17 -> 300000 | K17: =$E17*H17 -> 300000 | L17: Cập nhật hệ điều hành, framework, thư viện.
A18: B. Dịch vụ vận hành (phí dịch vụ) | B18: Bảo trì: giờ hỗ trợ và sửa lỗi | C18: giờ | D18: =INDEX('Thông số'!$B$6:$B$10,MATCH("Senior Dev",'Thông số'!$A$6:$A$10,0))*'Thông số'!$B$26/8 -> 175000 | E18: =IF(C18="năm",D18/12,D18) -> 175000 | F18: 1 | G18: 5 | H18: 10 | I18: =$E18*F18 -> 175000 | J18: =$E18*G18 -> 875000 | K18: =$E18*H18 -> 1750000 | L18: Đơn giá giờ = đơn giá Senior Dev chia 8. Giờ không dùng hết không cộng dồn.
A19: B. Dịch vụ vận hành (phí dịch vụ) | B19: Bảo trì: giờ phát triển tính năng nhỏ | C19: giờ | D19: =INDEX('Thông số'!$B$6:$B$10,MATCH("Senior Dev",'Thông số'!$A$6:$A$10,0))*'Thông số'!$B$26/8 -> 175000 | E19: =IF(C19="năm",D19/12,D19) -> 175000 | F19: 0 | G19: 3 | H19: 8 | I19: =$E19*F19 -> 0 | J19: =$E19*G19 -> 525000 | K19: =$E19*H19 -> 1400000 | L19: Chỉnh sửa nhỏ ngoài phạm vi ban đầu.
A20: B. Dịch vụ vận hành (phí dịch vụ) | B20: Báo cáo vận hành hàng tháng | C20: tháng | D20: 200000 | E20: =IF(C20="năm",D20/12,D20) -> 200000 | F20: 0 | G20: 1 | H20: 1 | I20: =$E20*F20 -> 0 | J20: =$E20*G20 -> 200000 | K20: =$E20*H20 -> 200000 | L20: Uptime, sự cố, tài nguyên, việc đã làm.
A21: Cam kết thời gian phản hồi | I21: Trong 2 ngày làm việc | J21: Trong 1 ngày làm việc | K21: Trong 4 giờ làm việc
A22: Tổng chi phí hạ tầng (nhóm A) | I22: =SUMIF($A$6:$A$20,"A. Hạ tầng (chuyển tiếp theo hóa đơn)",I6:I20) -> 133333.33 | J22: =SUMIF($A$6:$A$20,"A. Hạ tầng (chuyển tiếp theo hóa đơn)",J6:J20) -> 523333.33 | K22: =SUMIF($A$6:$A$20,"A. Hạ tầng (chuyển tiếp theo hóa đơn)",K6:K20) -> 983333.33
A23: Tổng phí dịch vụ vận hành (nhóm B) | I23: =SUMIF($A$6:$A$20,"B. Dịch vụ vận hành (phí dịch vụ)",I6:I20) -> 405000 | J23: =SUMIF($A$6:$A$20,"B. Dịch vụ vận hành (phí dịch vụ)",J6:J20) -> 2130000 | K23: =SUMIF($A$6:$A$20,"B. Dịch vụ vận hành (phí dịch vụ)",K6:K20) -> 4580000
A24: TỔNG PHÍ HÀNG THÁNG (VND) | I24: =I22+I23 -> 538333.33 | J24: =J22+J23 -> 2653333.3 | K24: =K22+K23 -> 5563333.3
A25: Tổng mỗi năm (VND) | I25: =I24*12 -> 6460000 | J25: =J24*12 -> 31840000 | K25: =K24*12 -> 66760000
A27: Nhóm A là giá thực tế của nhà cung cấp (VPS, hosting, tên miền), báo cho khách theo hóa đơn và có thể do khách tự thanh toán trực tiếp. Giá trong bảng là giả định mẫu, cập nhật theo nhà cung cấp bạn dùng.

Sheet Báo giá khách
A1: BÁO GIÁ DỰ ÁN
A2: Nguyễn Phan Minh Phú · Senior Software Engineer · TP. Hồ Chí Minh
A4: Khách hàng | B4: Công ty TNHH Ví Dụ ABC
A5: Dự án | B5: Website giới thiệu và CMS
A6: Ngày báo giá | B6: 46300
A7: Hiệu lực đến | B7: =B6+'Thông số'!$B$22 -> 46330
A8: Người lập | B8: Nguyễn Phan Minh Phú
A9: Gói vận hành hàng tháng | B9: Tiêu chuẩn
A10: Chiết khấu (%) | B10: 0
A12: STT | B12: Giai đoạn | C12: Ngày công | D12: Thành tiền (VND)
A13: 1 | B13: 1. Khởi động & phân tích | C13: =SUMIFS('Hạng mục'!$P$6:$P$76,'Hạng mục'!$B$6:$B$76,B13) -> 8 | D13: =SUMIFS('Hạng mục'!$Q$6:$Q$76,'Hạng mục'!$B$6:$B$76,B13) -> 9450000
A14: 2 | B14: 2. Thiết kế UI/UX | C14: =SUMIFS('Hạng mục'!$P$6:$P$76,'Hạng mục'!$B$6:$B$76,B14) -> 14 | D14: =SUMIFS('Hạng mục'!$Q$6:$Q$76,'Hạng mục'!$B$6:$B$76,B14) -> 14700000
A15: 3 | B15: 3. Lập trình giao diện | C15: =SUMIFS('Hạng mục'!$P$6:$P$76,'Hạng mục'!$B$6:$B$76,B15) -> 16.5 | D15: =SUMIFS('Hạng mục'!$Q$6:$Q$76,'Hạng mục'!$B$6:$B$76,B15) -> 23100000
A16: 4 | B16: 4. Backend & cơ sở dữ liệu | C16: =SUMIFS('Hạng mục'!$P$6:$P$76,'Hạng mục'!$B$6:$B$76,B16) -> 9 | D16: =SUMIFS('Hạng mục'!$Q$6:$Q$76,'Hạng mục'!$B$6:$B$76,B16) -> 12600000
A17: 5 | B17: 5. Module CMS | C17: =SUMIFS('Hạng mục'!$P$6:$P$76,'Hạng mục'!$B$6:$B$76,B17) -> 15 | D17: =SUMIFS('Hạng mục'!$Q$6:$Q$76,'Hạng mục'!$B$6:$B$76,B17) -> 21000000
A18: 6 | B18: 6. Module CRM | C18: =SUMIFS('Hạng mục'!$P$6:$P$76,'Hạng mục'!$B$6:$B$76,B18) -> 0 | D18: =SUMIFS('Hạng mục'!$Q$6:$Q$76,'Hạng mục'!$B$6:$B$76,B18) -> 0
A19: 7 | B19: 7. Hệ thống quản lý vận hành | C19: =SUMIFS('Hạng mục'!$P$6:$P$76,'Hạng mục'!$B$6:$B$76,B19) -> 0 | D19: =SUMIFS('Hạng mục'!$Q$6:$Q$76,'Hạng mục'!$B$6:$B$76,B19) -> 0
A20: 8 | B20: 8. Zalo Mini App | C20: =SUMIFS('Hạng mục'!$P$6:$P$76,'Hạng mục'!$B$6:$B$76,B20) -> 0 | D20: =SUMIFS('Hạng mục'!$Q$6:$Q$76,'Hạng mục'!$B$6:$B$76,B20) -> 0
A21: 9 | B21: 9. Tích hợp bên ngoài | C21: =SUMIFS('Hạng mục'!$P$6:$P$76,'Hạng mục'!$B$6:$B$76,B21) -> 1 | D21: =SUMIFS('Hạng mục'!$Q$6:$Q$76,'Hạng mục'!$B$6:$B$76,B21) -> 1400000
A22: 10 | B22: 10. Kiểm thử & nghiệm thu | C22: =SUMIFS('Hạng mục'!$P$6:$P$76,'Hạng mục'!$B$6:$B$76,B22) -> 5.5 | D22: =SUMIFS('Hạng mục'!$Q$6:$Q$76,'Hạng mục'!$B$6:$B$76,B22) -> 6650000
A23: 11 | B23: 11. Hạ tầng & triển khai | C23: =SUMIFS('Hạng mục'!$P$6:$P$76,'Hạng mục'!$B$6:$B$76,B23) -> 6.5 | D23: =SUMIFS('Hạng mục'!$Q$6:$Q$76,'Hạng mục'!$B$6:$B$76,B23) -> 9100000
A24: 12 | B24: 12. Đào tạo & bàn giao | C24: =SUMIFS('Hạng mục'!$P$6:$P$76,'Hạng mục'!$B$6:$B$76,B24) -> 4.5 | D24: =SUMIFS('Hạng mục'!$Q$6:$Q$76,'Hạng mục'!$B$6:$B$76,B24) -> 4900000
B25: Tạm tính | C25: =SUM(C13:C24) -> 80 | D25: =SUM(D13:D24) -> 102900000
B26: Quản lý dự án | D26: =D25*'Thông số'!$B$14 -> 8232000
B27: Dự phòng rủi ro | D27: =(D25+D26)*'Thông số'!$B$15 -> 11113200
B28: Chiết khấu | D28: =-(D25+D26+D27)*$B$10 -> 0
B29: Tổng trước VAT | D29: =SUM(D25:D28) -> 122245200
B30: VAT | D30: =D29*'Thông số'!$B$16 -> 12224520
B31: TỔNG CỘNG (đã gồm VAT) | D31: =D29+D30 -> 134469720
B33: Lịch thanh toán
A34: Đợt | B34: Mốc | C34: Tỷ lệ | D34: Số tiền (VND)
A35: 1 | B35: Ký hợp đồng | C35: ='Thông số'!$B$19 -> 0.3 | D35: =$D$31*C35 -> 40340916
A36: 2 | B36: Nghiệm thu thiết kế / bản demo | C36: ='Thông số'!$B$20 -> 0.4 | D36: =$D$31*C36 -> 53787888
A37: 3 | B37: Nghiệm thu và bàn giao | C37: ='Thông số'!$B$21 -> 0.3 | D37: =$D$31*C37 -> 40340916
B38: Tổng | C38: =SUM(C35:C37) -> 1 | D38: =SUM(D35:D37) -> 134469720
B40: Phí hàng tháng sau go-live (tách riêng từng khoản)
B41: Khoản | D41: VND/tháng
B42: Hạ tầng: VPS, hosting, tên miền, SSL, lưu trữ sao lưu | D42: =INDEX('Vận hành'!$I$22:$K$22,MATCH($B$9,'Vận hành'!$I$5:$K$5,0)) -> 523333.33
B43: Dịch vụ: monitoring, alert, sao lưu, bảo trì | D43: =INDEX('Vận hành'!$I$23:$K$23,MATCH($B$9,'Vận hành'!$I$5:$K$5,0)) -> 2130000
B44: ="Tổng phí hàng tháng, gói "&B9 -> Tổng phí hàng tháng, gói Tiêu chuẩn | D44: =D42+D43 -> 2653333.3
B46: Điều khoản
B47: ="1. Báo giá có hiệu lực "&'Thông số'!$B$22&" ngày kể từ ngày báo giá." -> 1. Báo giá có hiệu lực 30 ngày kể từ ngày báo giá.
B48: ="2. Mỗi giai đoạn thiết kế gồm tối đa "&'Thông số'!$B$23&" vòng chỉnh sửa. Vòng thêm và yêu cầu phát sinh được báo giá riêng theo đơn giá ngày công." -> 2. Mỗi giai đoạn thiết kế gồm tối đa 2 vòng chỉnh sửa. Vòng thêm và yêu cầu phát sinh được báo giá riêng theo đơn giá ngày công.
B49: ="3. Bảo hành lỗi trong "&'Thông số'!$B$24&" ngày kể từ ngày nghiệm thu." -> 3. Bảo hành lỗi trong 30 ngày kể từ ngày nghiệm thu.
B50: 4. Chi phí tên miền, hosting, dịch vụ nhắn tin, cổng thanh toán và bản quyền bên thứ ba do khách hàng thanh toán riêng.
B51: 5. Mã nguồn và tài khoản được bàn giao khi khách hàng thanh toán đủ.
B52: 6. Chi tiết từng hạng mục và đầu ra bàn giao nằm ở sheet Hạng mục (lọc cột Chọn cho khách bằng 1).

Sheet TT Anh ngữ ABC - Báo giá
A1: BÁO GIÁ DỰ ÁN
A2: Nguyễn Phan Minh Phú · Senior Software Engineer · npmphu97@gmail.com · 0379 774 886
A4: Khách hàng | B4: Trung tâm Anh ngữ Ví Dụ ABC
A5: Người liên hệ | B5: Chị Lan, quản lý trung tâm (số liệu ví dụ)
A6: Dự án | B6: Website giới thiệu có CMS và hệ thống quản lý học viên
A7: Ngày báo giá | B7: 46300
A8: Hiệu lực đến | B8: =B7+'Thông số'!$B$22 -> 46330
A9: Người lập | B9: Nguyễn Phan Minh Phú
A10: Gói vận hành hàng tháng | B10: Tiêu chuẩn
A11: Chiết khấu (%) | B11: 0
A13: Yêu cầu chính của khách
A14: 1. Website giới thiệu khóa học, tự đăng tin tức và lịch khai giảng.
A15: 2. Quản lý học viên, lịch lớp, điểm danh và học phí trên cùng một hệ thống.
A16: 3. Báo cáo tự động gửi phụ huynh qua email.
A17: 4. Ví dụ mẫu: thay bằng yêu cầu thật của khách.
A19: 1. Chi phí xây dựng một lần
A20: STT | B20: Giai đoạn | C20: Số hạng mục | D20: Ngày công | E20: Thành tiền (VND)
A21: 1 | B21: 1. Khởi động & phân tích | C21: =SUMPRODUCT(('TT Anh ngữ ABC - Chi tiết'!$B$6:$B$76=B21)*'TT Anh ngữ ABC - Chi tiết'!$K$6:$K$76) -> 5 | D21: =SUMPRODUCT(('TT Anh ngữ ABC - Chi tiết'!$B$6:$B$76=B21)*'TT Anh ngữ ABC - Chi tiết'!$H$6:$H$76*'TT Anh ngữ ABC - Chi tiết'!$K$6:$K$76) -> 8 | E21: =SUMIFS('TT Anh ngữ ABC - Chi tiết'!$J$6:$J$76,'TT Anh ngữ ABC - Chi tiết'!$B$6:$B$76,B21) -> 9450000
A22: 2 | B22: 2. Thiết kế UI/UX | C22: =SUMPRODUCT(('TT Anh ngữ ABC - Chi tiết'!$B$6:$B$76=B22)*'TT Anh ngữ ABC - Chi tiết'!$K$6:$K$76) -> 5 | D22: =SUMPRODUCT(('TT Anh ngữ ABC - Chi tiết'!$B$6:$B$76=B22)*'TT Anh ngữ ABC - Chi tiết'!$H$6:$H$76*'TT Anh ngữ ABC - Chi tiết'!$K$6:$K$76) -> 17 | E22: =SUMIFS('TT Anh ngữ ABC - Chi tiết'!$J$6:$J$76,'TT Anh ngữ ABC - Chi tiết'!$B$6:$B$76,B22) -> 17850000
A23: 3 | B23: 3. Lập trình giao diện | C23: =SUMPRODUCT(('TT Anh ngữ ABC - Chi tiết'!$B$6:$B$76=B23)*'TT Anh ngữ ABC - Chi tiết'!$K$6:$K$76) -> 5 | D23: =SUMPRODUCT(('TT Anh ngữ ABC - Chi tiết'!$B$6:$B$76=B23)*'TT Anh ngữ ABC - Chi tiết'!$H$6:$H$76*'TT Anh ngữ ABC - Chi tiết'!$K$6:$K$76) -> 22.5 | E23: =SUMIFS('TT Anh ngữ ABC - Chi tiết'!$J$6:$J$76,'TT Anh ngữ ABC - Chi tiết'!$B$6:$B$76,B23) -> 31500000
A24: 4 | B24: 4. Backend & cơ sở dữ liệu | C24: =SUMPRODUCT(('TT Anh ngữ ABC - Chi tiết'!$B$6:$B$76=B24)*'TT Anh ngữ ABC - Chi tiết'!$K$6:$K$76) -> 4 | D24: =SUMPRODUCT(('TT Anh ngữ ABC - Chi tiết'!$B$6:$B$76=B24)*'TT Anh ngữ ABC - Chi tiết'!$H$6:$H$76*'TT Anh ngữ ABC - Chi tiết'!$K$6:$K$76) -> 14 | E24: =SUMIFS('TT Anh ngữ ABC - Chi tiết'!$J$6:$J$76,'TT Anh ngữ ABC - Chi tiết'!$B$6:$B$76,B24) -> 19600000
A25: 5 | B25: 5. Module CMS | C25: =SUMPRODUCT(('TT Anh ngữ ABC - Chi tiết'!$B$6:$B$76=B25)*'TT Anh ngữ ABC - Chi tiết'!$K$6:$K$76) -> 4 | D25: =SUMPRODUCT(('TT Anh ngữ ABC - Chi tiết'!$B$6:$B$76=B25)*'TT Anh ngữ ABC - Chi tiết'!$H$6:$H$76*'TT Anh ngữ ABC - Chi tiết'!$K$6:$K$76) -> 15 | E25: =SUMIFS('TT Anh ngữ ABC - Chi tiết'!$J$6:$J$76,'TT Anh ngữ ABC - Chi tiết'!$B$6:$B$76,B25) -> 21000000
A26: 6 | B26: 6. Module CRM | C26: =SUMPRODUCT(('TT Anh ngữ ABC - Chi tiết'!$B$6:$B$76=B26)*'TT Anh ngữ ABC - Chi tiết'!$K$6:$K$76) -> 0 | D26: =SUMPRODUCT(('TT Anh ngữ ABC - Chi tiết'!$B$6:$B$76=B26)*'TT Anh ngữ ABC - Chi tiết'!$H$6:$H$76*'TT Anh ngữ ABC - Chi tiết'!$K$6:$K$76) -> 0 | E26: =SUMIFS('TT Anh ngữ ABC - Chi tiết'!$J$6:$J$76,'TT Anh ngữ ABC - Chi tiết'!$B$6:$B$76,B26) -> 0
A27: 7 | B27: 7. Hệ thống quản lý vận hành | C27: =SUMPRODUCT(('TT Anh ngữ ABC - Chi tiết'!$B$6:$B$76=B27)*'TT Anh ngữ ABC - Chi tiết'!$K$6:$K$76) -> 6 | D27: =SUMPRODUCT(('TT Anh ngữ ABC - Chi tiết'!$B$6:$B$76=B27)*'TT Anh ngữ ABC - Chi tiết'!$H$6:$H$76*'TT Anh ngữ ABC - Chi tiết'!$K$6:$K$76) -> 32 | E27: =SUMIFS('TT Anh ngữ ABC - Chi tiết'!$J$6:$J$76,'TT Anh ngữ ABC - Chi tiết'!$B$6:$B$76,B27) -> 44800000
A28: 8 | B28: 8. Zalo Mini App | C28: =SUMPRODUCT(('TT Anh ngữ ABC - Chi tiết'!$B$6:$B$76=B28)*'TT Anh ngữ ABC - Chi tiết'!$K$6:$K$76) -> 0 | D28: =SUMPRODUCT(('TT Anh ngữ ABC - Chi tiết'!$B$6:$B$76=B28)*'TT Anh ngữ ABC - Chi tiết'!$H$6:$H$76*'TT Anh ngữ ABC - Chi tiết'!$K$6:$K$76) -> 0 | E28: =SUMIFS('TT Anh ngữ ABC - Chi tiết'!$J$6:$J$76,'TT Anh ngữ ABC - Chi tiết'!$B$6:$B$76,B28) -> 0
A29: 9 | B29: 9. Tích hợp bên ngoài | C29: =SUMPRODUCT(('TT Anh ngữ ABC - Chi tiết'!$B$6:$B$76=B29)*'TT Anh ngữ ABC - Chi tiết'!$K$6:$K$76) -> 2 | D29: =SUMPRODUCT(('TT Anh ngữ ABC - Chi tiết'!$B$6:$B$76=B29)*'TT Anh ngữ ABC - Chi tiết'!$H$6:$H$76*'TT Anh ngữ ABC - Chi tiết'!$K$6:$K$76) -> 3 | E29: =SUMIFS('TT Anh ngữ ABC - Chi tiết'!$J$6:$J$76,'TT Anh ngữ ABC - Chi tiết'!$B$6:$B$76,B29) -> 4200000
A30: 10 | B30: 10. Kiểm thử & nghiệm thu | C30: =SUMPRODUCT(('TT Anh ngữ ABC - Chi tiết'!$B$6:$B$76=B30)*'TT Anh ngữ ABC - Chi tiết'!$K$6:$K$76) -> 4 | D30: =SUMPRODUCT(('TT Anh ngữ ABC - Chi tiết'!$B$6:$B$76=B30)*'TT Anh ngữ ABC - Chi tiết'!$H$6:$H$76*'TT Anh ngữ ABC - Chi tiết'!$K$6:$K$76) -> 13.5 | E30: =SUMIFS('TT Anh ngữ ABC - Chi tiết'!$J$6:$J$76,'TT Anh ngữ ABC - Chi tiết'!$B$6:$B$76,B30) -> 12250000
A31: 11 | B31: 11. Hạ tầng & triển khai | C31: =SUMPRODUCT(('TT Anh ngữ ABC - Chi tiết'!$B$6:$B$76=B31)*'TT Anh ngữ ABC - Chi tiết'!$K$6:$K$76) -> 4 | D31: =SUMPRODUCT(('TT Anh ngữ ABC - Chi tiết'!$B$6:$B$76=B31)*'TT Anh ngữ ABC - Chi tiết'!$H$6:$H$76*'TT Anh ngữ ABC - Chi tiết'!$K$6:$K$76) -> 6.5 | E31: =SUMIFS('TT Anh ngữ ABC - Chi tiết'!$J$6:$J$76,'TT Anh ngữ ABC - Chi tiết'!$B$6:$B$76,B31) -> 9100000
A32: 12 | B32: 12. Đào tạo & bàn giao | C32: =SUMPRODUCT(('TT Anh ngữ ABC - Chi tiết'!$B$6:$B$76=B32)*'TT Anh ngữ ABC - Chi tiết'!$K$6:$K$76) -> 4 | D32: =SUMPRODUCT(('TT Anh ngữ ABC - Chi tiết'!$B$6:$B$76=B32)*'TT Anh ngữ ABC - Chi tiết'!$H$6:$H$76*'TT Anh ngữ ABC - Chi tiết'!$K$6:$K$76) -> 4.5 | E32: =SUMIFS('TT Anh ngữ ABC - Chi tiết'!$J$6:$J$76,'TT Anh ngữ ABC - Chi tiết'!$B$6:$B$76,B32) -> 4900000
B33: Tạm tính | C33: =SUM(C21:C32) -> 43 | D33: =SUM(D21:D32) -> 136 | E33: =SUM(E21:E32) -> 174650000
B34: Quản lý dự án | E34: =E33*'Thông số'!$B$14 -> 13972000
B35: Dự phòng rủi ro | E35: =(E33+E34)*'Thông số'!$B$15 -> 18862200
B36: Chiết khấu | E36: =-(E33+E34+E35)*$B$11 -> 0
B37: Tổng trước VAT | E37: =SUM(E33:E36) -> 207484200
B38: VAT | E38: =E37*'Thông số'!$B$16 -> 20748420
B39: TỔNG CHI PHÍ XÂY DỰNG (đã gồm VAT) | E39: =E37+E38 -> 228232620
A41: Lịch thanh toán
A42: Đợt | B42: Mốc | C42: Tỷ lệ | E42: Số tiền (VND)
A43: 1 | B43: Ký hợp đồng | C43: ='Thông số'!$B$19 -> 0.3 | E43: =$E$39*C43 -> 68469786
A44: 2 | B44: Nghiệm thu thiết kế / bản demo | C44: ='Thông số'!$B$20 -> 0.4 | E44: =$E$39*C44 -> 91293048
A45: 3 | B45: Nghiệm thu và bàn giao | C45: ='Thông số'!$B$21 -> 0.3 | E45: =$E$39*C45 -> 68469786
B46: Tổng | C46: =SUM(C43:C45) -> 1 | E46: =SUM(E43:E45) -> 228232620
A48: ="2. Phí hàng tháng sau go-live, gói "&B10 -> 2. Phí hàng tháng sau go-live, gói Tiêu chuẩn
A49: Nhóm | B49: Khoản phí | C49: Chu kỳ | E49: VND/tháng
A50: ='Vận hành'!A6 -> A. Hạ tầng (chuyển tiếp theo hóa đơn) | B50: ='Vận hành'!B6 -> VPS (máy chủ ảo cho ứng dụng, CMS, CRM) | C50: ='Vận hành'!C6 -> tháng | E50: =INDEX('Vận hành'!$I$6:$K$6,MATCH($B$10,'Vận hành'!$I$5:$K$5,0)) -> 350000
A51: ='Vận hành'!A7 -> A. Hạ tầng (chuyển tiếp theo hóa đơn) | B51: ='Vận hành'!B7 -> Hosting website tĩnh / CDN | C51: ='Vận hành'!C7 -> tháng | E51: =INDEX('Vận hành'!$I$7:$K$7,MATCH($B$10,'Vận hành'!$I$5:$K$5,0)) -> 0
A52: ='Vận hành'!A8 -> A. Hạ tầng (chuyển tiếp theo hóa đơn) | B52: ='Vận hành'!B8 -> Tên miền (.com / .vn) | C52: ='Vận hành'!C8 -> năm | E52: =INDEX('Vận hành'!$I$8:$K$8,MATCH($B$10,'Vận hành'!$I$5:$K$5,0)) -> 33333.333
A53: ='Vận hành'!A9 -> A. Hạ tầng (chuyển tiếp theo hóa đơn) | B53: ='Vận hành'!B9 -> Chứng chỉ SSL | C53: ='Vận hành'!C9 -> năm | E53: =INDEX('Vận hành'!$I$9:$K$9,MATCH($B$10,'Vận hành'!$I$5:$K$5,0)) -> 0
A54: ='Vận hành'!A10 -> A. Hạ tầng (chuyển tiếp theo hóa đơn) | B54: ='Vận hành'!B10 -> Lưu trữ bản sao lưu (storage ngoài máy chủ) | C54: ='Vận hành'!C10 -> tháng | E54: =INDEX('Vận hành'!$I$10:$K$10,MATCH($B$10,'Vận hành'!$I$5:$K$5,0)) -> 50000
A55: ='Vận hành'!A11 -> A. Hạ tầng (chuyển tiếp theo hóa đơn) | B55: ='Vận hành'!B11 -> Email theo tên miền (mỗi hộp thư) | C55: ='Vận hành'!C11 -> tháng | E55: =INDEX('Vận hành'!$I$11:$K$11,MATCH($B$10,'Vận hành'!$I$5:$K$5,0)) -> 90000
A56: ='Vận hành'!A12 -> B. Dịch vụ vận hành (phí dịch vụ) | B56: ='Vận hành'!B12 -> Monitoring: giám sát uptime | C56: ='Vận hành'!C12 -> tháng | E56: =INDEX('Vận hành'!$I$12:$K$12,MATCH($B$10,'Vận hành'!$I$5:$K$5,0)) -> 100000
A57: ='Vận hành'!A13 -> B. Dịch vụ vận hành (phí dịch vụ) | B57: ='Vận hành'!B13 -> Monitoring: hiệu năng và dashboard (CPU, RAM, ổ đĩa) | C57: ='Vận hành'!C13 -> tháng | E57: =INDEX('Vận hành'!$I$13:$K$13,MATCH($B$10,'Vận hành'!$I$5:$K$5,0)) -> 0
A58: ='Vận hành'!A14 -> B. Dịch vụ vận hành (phí dịch vụ) | B58: ='Vận hành'!B14 -> Alert: cảnh báo sự cố qua email, Zalo hoặc Telegram | C58: ='Vận hành'!C14 -> tháng | E58: =INDEX('Vận hành'!$I$14:$K$14,MATCH($B$10,'Vận hành'!$I$5:$K$5,0)) -> 50000
A59: ='Vận hành'!A15 -> B. Dịch vụ vận hành (phí dịch vụ) | B59: ='Vận hành'!B15 -> Alert: trực sự cố ngoài giờ hành chính (on-call) | C59: ='Vận hành'!C15 -> tháng | E59: =INDEX('Vận hành'!$I$15:$K$15,MATCH($B$10,'Vận hành'!$I$5:$K$5,0)) -> 0
A60: ='Vận hành'!A16 -> B. Dịch vụ vận hành (phí dịch vụ) | B60: ='Vận hành'!B16 -> Sao lưu tự động hằng ngày và kiểm tra khôi phục | C60: ='Vận hành'!C16 -> tháng | E60: =INDEX('Vận hành'!$I$16:$K$16,MATCH($B$10,'Vận hành'!$I$5:$K$5,0)) -> 80000
A61: ='Vận hành'!A17 -> B. Dịch vụ vận hành (phí dịch vụ) | B61: ='Vận hành'!B17 -> Bảo trì: cập nhật bản vá bảo mật và thư viện | C61: ='Vận hành'!C17 -> tháng | E61: =INDEX('Vận hành'!$I$17:$K$17,MATCH($B$10,'Vận hành'!$I$5:$K$5,0)) -> 300000
A62: ='Vận hành'!A18 -> B. Dịch vụ vận hành (phí dịch vụ) | B62: ='Vận hành'!B18 -> Bảo trì: giờ hỗ trợ và sửa lỗi | C62: ='Vận hành'!C18 -> giờ | E62: =INDEX('Vận hành'!$I$18:$K$18,MATCH($B$10,'Vận hành'!$I$5:$K$5,0)) -> 875000
A63: ='Vận hành'!A19 -> B. Dịch vụ vận hành (phí dịch vụ) | B63: ='Vận hành'!B19 -> Bảo trì: giờ phát triển tính năng nhỏ | C63: ='Vận hành'!C19 -> giờ | E63: =INDEX('Vận hành'!$I$19:$K$19,MATCH($B$10,'Vận hành'!$I$5:$K$5,0)) -> 525000
A64: ='Vận hành'!A20 -> B. Dịch vụ vận hành (phí dịch vụ) | B64: ='Vận hành'!B20 -> Báo cáo vận hành hàng tháng | C64: ='Vận hành'!C20 -> tháng | E64: =INDEX('Vận hành'!$I$20:$K$20,MATCH($B$10,'Vận hành'!$I$5:$K$5,0)) -> 200000
B65: Tổng hạ tầng (nhóm A, chuyển tiếp theo hóa đơn) | E65: =INDEX('Vận hành'!$I$22:$K$22,MATCH($B$10,'Vận hành'!$I$5:$K$5,0)) -> 523333.33
B66: Tổng phí dịch vụ vận hành (nhóm B) | E66: =INDEX('Vận hành'!$I$23:$K$23,MATCH($B$10,'Vận hành'!$I$5:$K$5,0)) -> 2130000
B67: TỔNG PHÍ HÀNG THÁNG | E67: =INDEX('Vận hành'!$I$24:$K$24,MATCH($B$10,'Vận hành'!$I$5:$K$5,0)) -> 2653333.3
A69: Điều khoản
A70: ="1. Báo giá có hiệu lực "&'Thông số'!$B$22&" ngày kể từ ngày báo giá." -> 1. Báo giá có hiệu lực 30 ngày kể từ ngày báo giá.
A71: ="2. Mỗi giai đoạn thiết kế gồm tối đa "&'Thông số'!$B$23&" vòng chỉnh sửa. Vòng thêm và yêu cầu phát sinh được báo giá riêng theo đơn giá ngày công." -> 2. Mỗi giai đoạn thiết kế gồm tối đa 2 vòng chỉnh sửa. Vòng thêm và yêu cầu phát sinh được báo giá riêng theo đơn giá ngày công.
A72: ="3. Bảo hành lỗi trong "&'Thông số'!$B$24&" ngày kể từ ngày nghiệm thu." -> 3. Bảo hành lỗi trong 30 ngày kể từ ngày nghiệm thu.
A73: 4. Nhóm A (VPS, hosting, tên miền, SSL, lưu trữ sao lưu) là chi phí thực tế của nhà cung cấp, tính theo hóa đơn.
A74: 5. Mã nguồn và tài khoản được bàn giao khi khách hàng thanh toán đủ.
A75: 6. Chi tiết từng hạng mục và đầu ra bàn giao nằm ở phụ lục (sheet Chi tiết, lọc cột Chọn bằng 1).

Sheet TT Anh ngữ ABC - Chi tiết
A1: Chi tiết hạng mục cho khách: Trung tâm Anh ngữ Ví Dụ ABC
A2: Đặt 1 vào cột Chọn cho hạng mục khách cần. Ô Điều chỉnh ngày công để trống thì dùng ngày công chuẩn, nhập số nếu khách này khác.
A5: Mã | B5: Giai đoạn | C5: Hạng mục | D5: Đầu ra bàn giao | E5: Vai trò | F5: Ngày công chuẩn | G5: Điều chỉnh ngày công | H5: Ngày công tính | I5: Đơn giá/ngày (VND) | J5: Thành tiền đã chọn (VND) | K5: Chọn (1/0)
A6: 1.1 | B6: 1. Khởi động & phân tích | C6: =INDEX('Hạng mục'!$C$6:$C$76,MATCH($A6,'Hạng mục'!$A$6:$A$76,0)) -> Họp khởi động, chốt mục tiêu và phạm vi | D6: =INDEX('Hạng mục'!$D$6:$D$76,MATCH($A6,'Hạng mục'!$A$6:$A$76,0)) -> Biên bản phạm vi, danh sách chức năng theo mức ưu tiên | E6: =INDEX('Hạng mục'!$E$6:$E$76,MATCH($A6,'Hạng mục'!$A$6:$A$76,0)) -> PM/BA | F6: =INDEX('Hạng mục'!$F$6:$F$76,MATCH($A6,'Hạng mục'!$A$6:$A$76,0)) -> 0.5 | H6: =IF(G6="",F6,G6) -> 0.5 | I6: =INDEX('Hạng mục'!$G$6:$G$76,MATCH($A6,'Hạng mục'!$A$6:$A$76,0)) -> 1050000 | J6: =H6*I6*K6 -> 525000 | K6: 1
A7: 1.2 | B7: 1. Khởi động & phân tích | C7: =INDEX('Hạng mục'!$C$6:$C$76,MATCH($A7,'Hạng mục'!$A$6:$A$76,0)) -> Phân tích nghiệp vụ và đặc tả chức năng | D7: =INDEX('Hạng mục'!$D$6:$D$76,MATCH($A7,'Hạng mục'!$A$6:$A$76,0)) -> Tài liệu đặc tả: user story, luồng nghiệp vụ | E7: =INDEX('Hạng mục'!$E$6:$E$76,MATCH($A7,'Hạng mục'!$A$6:$A$76,0)) -> PM/BA | F7: =INDEX('Hạng mục'!$F$6:$F$76,MATCH($A7,'Hạng mục'!$A$6:$A$76,0)) -> 3 | H7: =IF(G7="",F7,G7) -> 3 | I7: =INDEX('Hạng mục'!$G$6:$G$76,MATCH($A7,'Hạng mục'!$A$6:$A$76,0)) -> 1050000 | J7: =H7*I7*K7 -> 3150000 | K7: 1
A8: 1.3 | B8: 1. Khởi động & phân tích | C8: =INDEX('Hạng mục'!$C$6:$C$76,MATCH($A8,'Hạng mục'!$A$6:$A$76,0)) -> Sitemap và cấu trúc nội dung | D8: =INDEX('Hạng mục'!$D$6:$D$76,MATCH($A8,'Hạng mục'!$A$6:$A$76,0)) -> Sơ đồ trang, danh sách nội dung khách cần chuẩn bị | E8: =INDEX('Hạng mục'!$E$6:$E$76,MATCH($A8,'Hạng mục'!$A$6:$A$76,0)) -> PM/BA | F8: =INDEX('Hạng mục'!$F$6:$F$76,MATCH($A8,'Hạng mục'!$A$6:$A$76,0)) -> 1 | H8: =IF(G8="",F8,G8) -> 1 | I8: =INDEX('Hạng mục'!$G$6:$G$76,MATCH($A8,'Hạng mục'!$A$6:$A$76,0)) -> 1050000 | J8: =H8*I8*K8 -> 1050000 | K8: 1
A9: 1.4 | B9: 1. Khởi động & phân tích | C9: =INDEX('Hạng mục'!$C$6:$C$76,MATCH($A9,'Hạng mục'!$A$6:$A$76,0)) -> Thiết kế kiến trúc và cơ sở dữ liệu | D9: =INDEX('Hạng mục'!$D$6:$D$76,MATCH($A9,'Hạng mục'!$A$6:$A$76,0)) -> Sơ đồ kiến trúc, ERD, lựa chọn công nghệ | E9: =INDEX('Hạng mục'!$E$6:$E$76,MATCH($A9,'Hạng mục'!$A$6:$A$76,0)) -> Senior Dev | F9: =INDEX('Hạng mục'!$F$6:$F$76,MATCH($A9,'Hạng mục'!$A$6:$A$76,0)) -> 3 | H9: =IF(G9="",F9,G9) -> 3 | I9: =INDEX('Hạng mục'!$G$6:$G$76,MATCH($A9,'Hạng mục'!$A$6:$A$76,0)) -> 1400000 | J9: =H9*I9*K9 -> 4200000 | K9: 1
A10: 1.5 | B10: 1. Khởi động & phân tích | C10: =INDEX('Hạng mục'!$C$6:$C$76,MATCH($A10,'Hạng mục'!$A$6:$A$76,0)) -> Kế hoạch dự án và lộ trình bàn giao | D10: =INDEX('Hạng mục'!$D$6:$D$76,MATCH($A10,'Hạng mục'!$A$6:$A$76,0)) -> Mốc thời gian, tiêu chí nghiệm thu | E10: =INDEX('Hạng mục'!$E$6:$E$76,MATCH($A10,'Hạng mục'!$A$6:$A$76,0)) -> PM/BA | F10: =INDEX('Hạng mục'!$F$6:$F$76,MATCH($A10,'Hạng mục'!$A$6:$A$76,0)) -> 0.5 | H10: =IF(G10="",F10,G10) -> 0.5 | I10: =INDEX('Hạng mục'!$G$6:$G$76,MATCH($A10,'Hạng mục'!$A$6:$A$76,0)) -> 1050000 | J10: =H10*I10*K10 -> 525000 | K10: 1
A11: 2.1 | B11: 2. Thiết kế UI/UX | C11: =INDEX('Hạng mục'!$C$6:$C$76,MATCH($A11,'Hạng mục'!$A$6:$A$76,0)) -> Moodboard và bộ nhận diện giao diện | D11: =INDEX('Hạng mục'!$D$6:$D$76,MATCH($A11,'Hạng mục'!$A$6:$A$76,0)) -> Style guide: màu, font, component, design tokens | E11: =INDEX('Hạng mục'!$E$6:$E$76,MATCH($A11,'Hạng mục'!$A$6:$A$76,0)) -> UI/UX | F11: =INDEX('Hạng mục'!$F$6:$F$76,MATCH($A11,'Hạng mục'!$A$6:$A$76,0)) -> 1 | H11: =IF(G11="",F11,G11) -> 1 | I11: =INDEX('Hạng mục'!$G$6:$G$76,MATCH($A11,'Hạng mục'!$A$6:$A$76,0)) -> 1050000 | J11: =H11*I11*K11 -> 1050000 | K11: 1
A12: 2.2 | B12: 2. Thiết kế UI/UX | C12: =INDEX('Hạng mục'!$C$6:$C$76,MATCH($A12,'Hạng mục'!$A$6:$A$76,0)) -> Thiết kế landing page (desktop và mobile) | D12: =INDEX('Hạng mục'!$D$6:$D$76,MATCH($A12,'Hạng mục'!$A$6:$A$76,0)) -> File thiết kế landing page | E12: =INDEX('Hạng mục'!$E$6:$E$76,MATCH($A12,'Hạng mục'!$A$6:$A$76,0)) -> UI/UX | F12: =INDEX('Hạng mục'!$F$6:$F$76,MATCH($A12,'Hạng mục'!$A$6:$A$76,0)) -> 3 | H12: =IF(G12="",F12,G12) -> 3 | I12: =INDEX('Hạng mục'!$G$6:$G$76,MATCH($A12,'Hạng mục'!$A$6:$A$76,0)) -> 1050000 | J12: =H12*I12*K12 -> 0 | K12: 0
A13: 2.3 | B13: 2. Thiết kế UI/UX | C13: =INDEX('Hạng mục'!$C$6:$C$76,MATCH($A13,'Hạng mục'!$A$6:$A$76,0)) -> Thiết kế website nhiều trang (5 đến 8 trang mẫu) | D13: =INDEX('Hạng mục'!$D$6:$D$76,MATCH($A13,'Hạng mục'!$A$6:$A$76,0)) -> File thiết kế các trang chính | E13: =INDEX('Hạng mục'!$E$6:$E$76,MATCH($A13,'Hạng mục'!$A$6:$A$76,0)) -> UI/UX | F13: =INDEX('Hạng mục'!$F$6:$F$76,MATCH($A13,'Hạng mục'!$A$6:$A$76,0)) -> 6 | H13: =IF(G13="",F13,G13) -> 6 | I13: =INDEX('Hạng mục'!$G$6:$G$76,MATCH($A13,'Hạng mục'!$A$6:$A$76,0)) -> 1050000 | J13: =H13*I13*K13 -> 6300000 | K13: 1
A14: 2.4 | B14: 2. Thiết kế UI/UX | C14: =INDEX('Hạng mục'!$C$6:$C$76,MATCH($A14,'Hạng mục'!$A$6:$A$76,0)) -> Thiết kế giao diện quản trị | D14: =INDEX('Hạng mục'!$D$6:$D$76,MATCH($A14,'Hạng mục'!$A$6:$A$76,0)) -> Dashboard, danh sách, biểu mẫu, trạng thái rỗng | E14: =INDEX('Hạng mục'!$E$6:$E$76,MATCH($A14,'Hạng mục'!$A$6:$A$76,0)) -> UI/UX | F14: =INDEX('Hạng mục'!$F$6:$F$76,MATCH($A14,'Hạng mục'!$A$6:$A$76,0)) -> 6 | H14: =IF(G14="",F14,G14) -> 6 | I14: =INDEX('Hạng mục'!$G$6:$G$76,MATCH($A14,'Hạng mục'!$A$6:$A$76,0)) -> 1050000 | J14: =H14*I14*K14 -> 6300000 | K14: 1
A15: 2.5 | B15: 2. Thiết kế UI/UX | C15: =INDEX('Hạng mục'!$C$6:$C$76,MATCH($A15,'Hạng mục'!$A$6:$A$76,0)) -> Thiết kế giao diện mobile cho hệ thống | D15: =INDEX('Hạng mục'!$D$6:$D$76,MATCH($A15,'Hạng mục'!$A$6:$A$76,0)) -> Bản mobile của danh sách, biểu mẫu, điều hướng | E15: =INDEX('Hạng mục'!$E$6:$E$76,MATCH($A15,'Hạng mục'!$A$6:$A$76,0)) -> UI/UX | F15: =INDEX('Hạng mục'!$F$6:$F$76,MATCH($A15,'Hạng mục'!$A$6:$A$76,0)) -> 3 | H15: =IF(G15="",F15,G15) -> 3 | I15: =INDEX('Hạng mục'!$G$6:$G$76,MATCH($A15,'Hạng mục'!$A$6:$A$76,0)) -> 1050000 | J15: =H15*I15*K15 -> 3150000 | K15: 1
A16: 2.6 | B16: 2. Thiết kế UI/UX | C16: =INDEX('Hạng mục'!$C$6:$C$76,MATCH($A16,'Hạng mục'!$A$6:$A$76,0)) -> Thiết kế Zalo Mini App (ZaUI) | D16: =INDEX('Hạng mục'!$D$6:$D$76,MATCH($A16,'Hạng mục'!$A$6:$A$76,0)) -> Màn hình Mini App theo chuẩn thiết kế của Zalo | E16: =INDEX('Hạng mục'!$E$6:$E$76,MATCH($A16,'Hạng mục'!$A$6:$A$76,0)) -> UI/UX | F16: =INDEX('Hạng mục'!$F$6:$F$76,MATCH($A16,'Hạng mục'!$A$6:$A$76,0)) -> 4 | H16: =IF(G16="",F16,G16) -> 4 | I16: =INDEX('Hạng mục'!$G$6:$G$76,MATCH($A16,'Hạng mục'!$A$6:$A$76,0)) -> 1050000 | J16: =H16*I16*K16 -> 0 | K16: 0
A17: 2.7 | B17: 2. Thiết kế UI/UX | C17: =INDEX('Hạng mục'!$C$6:$C$76,MATCH($A17,'Hạng mục'!$A$6:$A$76,0)) -> Prototype và duyệt thiết kế | D17: =INDEX('Hạng mục'!$D$6:$D$76,MATCH($A17,'Hạng mục'!$A$6:$A$76,0)) -> Prototype bấm được, tối đa số vòng chỉnh sửa trong Thông số | E17: =INDEX('Hạng mục'!$E$6:$E$76,MATCH($A17,'Hạng mục'!$A$6:$A$76,0)) -> UI/UX | F17: =INDEX('Hạng mục'!$F$6:$F$76,MATCH($A17,'Hạng mục'!$A$6:$A$76,0)) -> 1 | H17: =IF(G17="",F17,G17) -> 1 | I17: =INDEX('Hạng mục'!$G$6:$G$76,MATCH($A17,'Hạng mục'!$A$6:$A$76,0)) -> 1050000 | J17: =H17*I17*K17 -> 1050000 | K17: 1
... A44: 7.2 | B44: 7. Hệ thống quản lý vận hành | C44: =INDEX('Hạng mục'!$C$6:$C$76,MATCH($A44,'Hạng mục'!$A$6:$A$76,0)) -> Quản lý nhân sự | D44: =INDEX('Hạng mục'!$D$6:$D$76,MATCH($A44,'Hạng mục'!$A$6:$A$76,0)) -> Ví dụ giáo viên hoặc nhân viên | E44: =INDEX('Hạng mục'!$E$6:$E$76,MATCH($A44,'Hạng mục'!$A$6:$A$76,0)) -> Senior Dev | F44: =INDEX('Hạng mục'!$F$6:$F$76,MATCH($A44,'Hạng mục'!$A$6:$A$76,0)) -> 4 | H44: =IF(G44="",F44,G44) -> 4 | I44: =INDEX('Hạng mục'!$G$6:$G$76,MATCH($A44,'Hạng mục'!$A$6:$A$76,0)) -> 1400000 | J44: =H44*I44*K44 -> 0 | K44: 0
A45: 7.3 | B45: 7. Hệ thống quản lý vận hành | C45: =INDEX('Hạng mục'!$C$6:$C$76,MATCH($A45,'Hạng mục'!$A$6:$A$76,0)) -> Lịch lớp, ca làm việc và xếp lịch | D45: =INDEX('Hạng mục'!$D$6:$D$76,MATCH($A45,'Hạng mục'!$A$6:$A$76,0)) -> Xếp lịch, ngày lễ, phòng | E45: =INDEX('Hạng mục'!$E$6:$E$76,MATCH($A45,'Hạng mục'!$A$6:$A$76,0)) -> Senior Dev | F45: =INDEX('Hạng mục'!$F$6:$F$76,MATCH($A45,'Hạng mục'!$A$6:$A$76,0)) -> 6 | G45: 7 | H45: =IF(G45="",F45,G45) -> 7 | I45: =INDEX('Hạng mục'!$G$6:$G$76,MATCH($A45,'Hạng mục'!$A$6:$A$76,0)) -> 1400000 | J45: =H45*I45*K45 -> 9800000 | K45: 1
A46: 7.4 | B46: 7. Hệ thống quản lý vận hành | C46: =INDEX('Hạng mục'!$C$6:$C$76,MATCH($A46,'Hạng mục'!$A$6:$A$76,0)) -> Điểm danh và đơn xin nghỉ | D46: =INDEX('Hạng mục'!$D$6:$D$76,MATCH($A46,'Hạng mục'!$A$6:$A$76,0)) -> Điểm danh theo ca, trạng thái có mặt/trễ/vắng | E46: =INDEX('Hạng mục'!$E$6:$E$76,MATCH($A46,'Hạng mục'!$A$6:$A$76,0)) -> Senior Dev | F46: =INDEX('Hạng mục'!$F$6:$F$76,MATCH($A46,'Hạng mục'!$A$6:$A$76,0)) -> 5 | H46: =IF(G46="",F46,G46) -> 5 | I46: =INDEX('Hạng mục'!$G$6:$G$76,MATCH($A46,'Hạng mục'!$A$6:$A$76,0)) -> 1400000 | J46: =H46*I46*K46 -> 7000000 | K46: 1
A47: 7.5 | B47: 7. Hệ thống quản lý vận hành | C47: =INDEX('Hạng mục'!$C$6:$C$76,MATCH($A47,'Hạng mục'!$A$6:$A$76,0)) -> Học phí, thu chi và phiếu thu | D47: =INDEX('Hạng mục'!$D$6:$D$76,MATCH($A47,'Hạng mục'!$A$6:$A$76,0)) -> Dự kiến, đã thu, công nợ | E47: =INDEX('Hạng mục'!$E$6:$E$76,MATCH($A47,'Hạng mục'!$A$6:$A$76,0)) -> Senior Dev | F47: =INDEX('Hạng mục'!$F$6:$F$76,MATCH($A47,'Hạng mục'!$A$6:$A$76,0)) -> 6 | G47: 8 | H47: =IF(G47="",F47,G47) -> 8 | I47: =INDEX('Hạng mục'!$G$6:$G$76,MATCH($A47,'Hạng mục'!$A$6:$A$76,0)) -> 1400000 | J47: =H47*I47*K47 -> 11200000 | K47: 1
A48: 7.6 | B48: 7. Hệ thống quản lý vận hành | C48: =INDEX('Hạng mục'!$C$6:$C$76,MATCH($A48,'Hạng mục'!$A$6:$A$76,0)) -> Tính lương và đánh giá hiệu quả | D48: =INDEX('Hạng mục'!$D$6:$D$76,MATCH($A48,'Hạng mục'!$A$6:$A$76,0)) -> Bảng lương theo quy tắc, đánh giá nhân sự | E48: =INDEX('Hạng mục'!$E$6:$E$76,MATCH($A48,'Hạng mục'!$A$6:$A$76,0)) -> Senior Dev | F48: =INDEX('Hạng mục'!$F$6:$F$76,MATCH($A48,'Hạng mục'!$A$6:$A$76,0)) -> 6 | H48: =IF(G48="",F48,G48) -> 6 | I48: =INDEX('Hạng mục'!$G$6:$G$76,MATCH($A48,'Hạng mục'!$A$6:$A$76,0)) -> 1400000 | J48: =H48*I48*K48 -> 0 | K48: 0
A49: 7.7 | B49: 7. Hệ thống quản lý vận hành | C49: =INDEX('Hạng mục'!$C$6:$C$76,MATCH($A49,'Hạng mục'!$A$6:$A$76,0)) -> Báo cáo tự động gửi phụ huynh/khách | D49: =INDEX('Hạng mục'!$D$6:$D$76,MATCH($A49,'Hạng mục'!$A$6:$A$76,0)) -> Báo cáo định kỳ qua email hoặc Zalo | E49: =INDEX('Hạng mục'!$E$6:$E$76,MATCH($A49,'Hạng mục'!$A$6:$A$76,0)) -> Senior Dev | F49: =INDEX('Hạng mục'!$F$6:$F$76,MATCH($A49,'Hạng mục'!$A$6:$A$76,0)) -> 4 | H49: =IF(G49="",F49,G49) -> 4 | I49: =INDEX('Hạng mục'!$G$6:$G$76,MATCH($A49,'Hạng mục'!$A$6:$A$76,0)) -> 1400000 | J49: =H49*I49*K49 -> 5600000 | K49: 1
A50: 7.8 | B50: 7. Hệ thống quản lý vận hành | C50: =INDEX('Hạng mục'!$C$6:$C$76,MATCH($A50,'Hạng mục'!$A$6:$A$76,0)) -> Dashboard tổng quan | D50: =INDEX('Hạng mục'!$D$6:$D$76,MATCH($A50,'Hạng mục'!$A$6:$A$76,0)) -> Số liệu chính, biểu đồ, cảnh báo | E50: =INDEX('Hạng mục'!$E$6:$E$76,MATCH($A50,'Hạng mục'!$A$6:$A$76,0)) -> Senior Dev | F50: =INDEX('Hạng mục'!$F$6:$F$76,MATCH($A50,'Hạng mục'!$A$6:$A$76,0)) -> 3 | H50: =IF(G50="",F50,G50) -> 3 | I50: =INDEX('Hạng mục'!$G$6:$G$76,MATCH($A50,'Hạng mục'!$A$6:$A$76,0)) -> 1400000 | J50: =H50*I50*K50 -> 4200000 | K50: 1
A51: 8.1 | B51: 8. Zalo Mini App | C51: =INDEX('Hạng mục'!$C$6:$C$76,MATCH($A51,'Hạng mục'!$A$6:$A$76,0)) -> Tích hợp Zalo SDK | D51: =INDEX('Hạng mục'!$D$6:$D$76,MATCH($A51,'Hạng mục'!$A$6:$A$76,0)) -> Đăng nhập, lấy thông tin người dùng | E51: =INDEX('Hạng mục'!$E$6:$E$76,MATCH($A51,'Hạng mục'!$A$6:$A$76,0)) -> Senior Dev | F51: =INDEX('Hạng mục'!$F$6:$F$76,MATCH($A51,'Hạng mục'!$A$6:$A$76,0)) -> 3 | H51: =IF(G51="",F51,G51) -> 3 | I51: =INDEX('Hạng mục'!$G$6:$G$76,MATCH($A51,'Hạng mục'!$A$6:$A$76,0)) -> 1400000 | J51: =H51*I51*K51 -> 0 | K51: 0
A52: 8.2 | B52: 8. Zalo Mini App | C52: =INDEX('Hạng mục'!$C$6:$C$76,MATCH($A52,'Hạng mục'!$A$6:$A$76,0)) -> Nghiệp vụ chính của Mini App | D52: =INDEX('Hạng mục'!$D$6:$D$76,MATCH($A52,'Hạng mục'!$A$6:$A$76,0)) -> Ví dụ điểm danh, danh sách, ghi chú | E52: =INDEX('Hạng mục'!$E$6:$E$76,MATCH($A52,'Hạng mục'!$A$6:$A$76,0)) -> Senior Dev | F52: =INDEX('Hạng mục'!$F$6:$F$76,MATCH($A52,'Hạng mục'!$A$6:$A$76,0)) -> 8 | H52: =IF(G52="",F52,G52) -> 8 | I52: =INDEX('Hạng mục'!$G$6:$G$76,MATCH($A52,'Hạng mục'!$A$6:$A$76,0)) -> 1400000 | J52: =H52*I52*K52 -> 0 | K52: 0
A53: 8.3 | B53: 8. Zalo Mini App | C53: =INDEX('Hạng mục'!$C$6:$C$76,MATCH($A53,'Hạng mục'!$A$6:$A$76,0)) -> Gửi thông báo ZNS | D53: =INDEX('Hạng mục'!$D$6:$D$76,MATCH($A53,'Hạng mục'!$A$6:$A$76,0)) -> Tin nhắn thông báo qua Zalo | E53: =INDEX('Hạng mục'!$E$6:$E$76,MATCH($A53,'Hạng mục'!$A$6:$A$76,0)) -> Senior Dev | F53: =INDEX('Hạng mục'!$F$6:$F$76,MATCH($A53,'Hạng mục'!$A$6:$A$76,0)) -> 3 | H53: =IF(G53="",F53,G53) -> 3 | I53: =INDEX('Hạng mục'!$G$6:$G$76,MATCH($A53,'Hạng mục'!$A$6:$A$76,0)) -> 1400000 | J53: =H53*I53*K53 -> 0 | K53: 0
A54: 8.4 | B54: 8. Zalo Mini App | C54: =INDEX('Hạng mục'!$C$6:$C$76,MATCH($A54,'Hạng mục'!$A$6:$A$76,0)) -> Thanh toán trong Mini App (Checkout SDK) | D54: =INDEX('Hạng mục'!$D$6:$D$76,MATCH($A54,'Hạng mục'!$A$6:$A$76,0)) -> Thanh toán ngay trong Zalo | E54: =INDEX('Hạng mục'!$E$6:$E$76,MATCH($A54,'Hạng mục'!$A$6:$A$76,0)) -> Senior Dev | F54: =INDEX('Hạng mục'!$F$6:$F$76,MATCH($A54,'Hạng mục'!$A$6:$A$76,0)) -> 5 | H54: =IF(G54="",F54,G54) -> 5 | I54: =INDEX('Hạng mục'!$G$6:$G$76,MATCH($A54,'Hạng mục'!$A$6:$A$76,0)) -> 1400000 | J54: =H54*I54*K54 -> 0 | K54: 0
A55: 8.5 | B55: 8. Zalo Mini App | C55: =INDEX('Hạng mục'!$C$6:$C$76,MATCH($A55,'Hạng mục'!$A$6:$A$76,0)) -> Gửi hồ sơ duyệt Mini App và chỉnh theo phản hồi | D55: =INDEX('Hạng mục'!$D$6:$D$76,MATCH($A55,'Hạng mục'!$A$6:$A$76,0)) -> Mini App được Zalo duyệt phát hành | E55: =INDEX('Hạng mục'!$E$6:$E$76,MATCH($A55,'Hạng mục'!$A$6:$A$76,0)) -> Senior Dev | F55: =INDEX('Hạng mục'!$F$6:$F$76,MATCH($A55,'Hạng mục'!$A$6:$A$76,0)) -> 3 | H55: =IF(G55="",F55,G55) -> 3 | I55: =INDEX('Hạng mục'!$G$6:$G$76,MATCH($A55,'Hạng mục'!$A$6:$A$76,0)) -> 1400000 | J55: =H55*I55*K55 -> 0 | K55: 0
A56: 9.1 | B56: 9. Tích hợp bên ngoài | C56: =INDEX('Hạng mục'!$C$6:$C$76,MATCH($A56,'Hạng mục'!$A$6:$A$76,0)) -> Gửi email giao dịch (SMTP/API) | D56: =INDEX('Hạng mục'!$D$6:$D$76,MATCH($A56,'Hạng mục'!$A$6:$A$76,0)) -> Email xác nhận, thông báo | E56: =INDEX('Hạng mục'!$E$6:$E$76,MATCH($A56,'Hạng mục'!$A$6:$A$76,0)) -> Senior Dev | F56: =INDEX('Hạng mục'!$F$6:$F$76,MATCH($A56,'Hạng mục'!$A$6:$A$76,0)) -> 2 | H56: =IF(G56="",F56,G56) -> 2 | I56: =INDEX('Hạng mục'!$G$6:$G$76,MATCH($A56,'Hạng mục'!$A$6:$A$76,0)) -> 1400000 | J56: =H56*I56*K56 -> 2800000 | K56: 1
A57: 9.2 | B57: 9. Tích hợp bên ngoài | C57: =INDEX('Hạng mục'!$C$6:$C$76,MATCH($A57,'Hạng mục'!$A$6:$A$76,0)) -> Google Analytics, Tag Manager, Meta Pixel | D57: =INDEX('Hạng mục'!$D$6:$D$76,MATCH($A57,'Hạng mục'!$A$6:$A$76,0)) -> Theo dõi lượt truy cập, chuyển đổi | E57: =INDEX('Hạng mục'!$E$6:$E$76,MATCH($A57,'Hạng mục'!$A$6:$A$76,0)) -> Senior Dev | F57: =INDEX('Hạng mục'!$F$6:$F$76,MATCH($A57,'Hạng mục'!$A$6:$A$76,0)) -> 1 | H57: =IF(G57="",F57,G57) -> 1 | I57: =INDEX('Hạng mục'!$G$6:$G$76,MATCH($A57,'Hạng mục'!$A$6:$A$76,0)) -> 1400000 | J57: =H57*I57*K57 -> 1400000 | K57: 1
A58: 9.3 | B58: 9. Tích hợp bên ngoài | C58: =INDEX('Hạng mục'!$C$6:$C$76,MATCH($A58,'Hạng mục'!$A$6:$A$76,0)) -> Đăng nhập Microsoft/Google (OAuth, Azure AD) | D58: =INDEX('Hạng mục'!$D$6:$D$76,MATCH($A58,'Hạng mục'!$A$6:$A$76,0)) -> Đăng nhập bằng tài khoản có sẵn | E58: =INDEX('Hạng mục'!$E$6:$E$76,MATCH($A58,'Hạng mục'!$A$6:$A$76,0)) -> Senior Dev | F58: =INDEX('Hạng mục'!$F$6:$F$76,MATCH($A58,'Hạng mục'!$A$6:$A$76,0)) -> 3 | H58: =IF(G58="",F58,G58) -> 3 | I58: =INDEX('Hạng mục'!$G$6:$G$76,MATCH($A58,'Hạng mục'!$A$6:$A$76,0)) -> 1400000 | J58: =H58*I58*K58 -> 0 | K58: 0
A59: 9.4 | B59: 9. Tích hợp bên ngoài | C59: =INDEX('Hạng mục'!$C$6:$C$76,MATCH($A59,'Hạng mục'!$A$6:$A$76,0)) -> Cổng thanh toán (VNPay, MoMo, QR) | D59: =INDEX('Hạng mục'!$D$6:$D$76,MATCH($A59,'Hạng mục'!$A$6:$A$76,0)) -> Thanh toán trực tuyến | E59: =INDEX('Hạng mục'!$E$6:$E$76,MATCH($A59,'Hạng mục'!$A$6:$A$76,0)) -> Senior Dev | F59: =INDEX('Hạng mục'!$F$6:$F$76,MATCH($A59,'Hạng mục'!$A$6:$A$76,0)) -> 5 | H59: =IF(G59="",F59,G59) -> 5 | I59: =INDEX('Hạng mục'!$G$6:$G$76,MATCH($A59,'Hạng mục'!$A$6:$A$76,0)) -> 1400000 | J59: =H59*I59*K59 -> 0 | K59: 0
... A76: 12.4 | B76: 12. Đào tạo & bàn giao | C76: =INDEX('Hạng mục'!$C$6:$C$76,MATCH($A76,'Hạng mục'!$A$6:$A$76,0)) -> Bàn giao mã nguồn và tài khoản | D76: =INDEX('Hạng mục'!$D$6:$D$76,MATCH($A76,'Hạng mục'!$A$6:$A$76,0)) -> Mã nguồn, tài khoản quản trị, tài khoản hạ tầng | E76: =INDEX('Hạng mục'!$E$6:$E$76,MATCH($A76,'Hạng mục'!$A$6:$A$76,0)) -> Senior Dev | F76: =INDEX('Hạng mục'!$F$6:$F$76,MATCH($A76,'Hạng mục'!$A$6:$A$76,0)) -> 0.5 | H76: =IF(G76="",F76,G76) -> 0.5 | I76: =INDEX('Hạng mục'!$G$6:$G$76,MATCH($A76,'Hạng mục'!$A$6:$A$76,0)) -> 1400000 | J76: =H76*I76*K76 -> 700000 | K76: 1
C77: Tổng đã chọn | H77: =SUMPRODUCT(H6:H76,K6:K76) -> 136 | J77: =SUM(J6:J76) -> 174650000 | K77: =SUM(K6:K76) -> 43
